cart_id,product_id,quantity,created_at,modified_at,user_id,order_id
01GSTC857PT8PHS5F3TJJ833RG,01GSTC857Q4QTB2WDFRHT1NB5S,35,1/28/2022,3/14/2022,01GSTC857T6YTEQV1W3YR3GMNR,01GSTC857V7TEXDHM8YW30WN85
01GSTC857V31C1952WJ4BS0KN1,01GSTC857W41SHHEV0K4YA62KM,65,2/20/2023,3/27/2022,01GSTC857XTZHN4NSG9SANA4BN,01GSTC857YW3GRY7XJXDN3EKZN
01GSTC857YF4PWY2AWVN0RPF94,01GSTC857Z9YP4C41M0XCREWYW,40,2/5/2022,8/6/2022,01GSTC85814DXDHTPR33RW6BFH,01GSTC858213WGBDC4HHD9R5ZF
01GSTC8583JG2F7NADGJWEK07Z,01GSTC8583H7FD43GAT34AYP5K,83,7/15/2022,6/8/2022,01GSTC85851PWHVTZEV3NXVPA2,01GSTC85862N9ZG8PDQ93MVDE2
01GSTC85862HWTWK423DMXC9A4,01GSTC8587WHNC4QBX69JKZP1J,14,12/22/2022,2/2/2022,01GSTC8589RP96SMKA04TBHR4T,01GSTC8589F3XJFA67A0JSQXAF
01GSTC858A7VKQJSTXXRGQE5VA,01GSTC858A7VAWW3RV9W3NN8J3,99,12/21/2022,4/1/2022,01GSTC858C3SQ4R3YTKWZFMXAF,01GSTC858DEAFCW53WB15H1PR9
01GSTC858DBW45T4AQECS0AZ49,01GSTC858EKA4XJGVHECPTCS29,91,3/19/2022,10/2/2022,01GSTC858G79Q7P4AP0ZMH05ED,01GSTC858HM7BKS3Z8FMTCV4PK
01GSTC858HNGAWJ2PEDF72J0R8,01GSTC858J8643J9VEJ0YYR74E,61,8/4/2022,9/11/2022,01GSTC858MAMWE0B2ATJ837N77,01GSTC858NJYHCX9FW3NRFA6NR
01GSTC858P3SCX0V6ZRB58092N,01GSTC858PX53W5NEPPQSWBH9Y,91,1/15/2022,7/17/2022,01GSTC858RDYPV4JYEBA763TSR,01GSTC858RVE9JHY3518GWEHX8
01GSTC858SJG6N1E29G257KJJ5,01GSTC858T7PHE3QHFH3SRPY1N,61,3/22/2022,8/8/2022,01GSTC858VS0MMGVVYMPSB0MTP,01GSTC858W90KRX3C25FW4Q1W9
01GSTC858W2BSF9CNCMY95DEY2,01GSTC858WSV9QD9GX2ZC02HCE,4,12/29/2022,6/26/2022,01GSTC858Y8M7FPEZZCA50HPPM,01GSTC858YBNEX1CREWPD1Q7FE
01GSTC858ZWTX44AH1BJ9KZGS7,01GSTC8590ZGRGADZ4HW2HZXXF,69,2/15/2023,1/2/2022,01GSTC859244RVRNE4QC5NQFWJ,01GSTC8592TXMV37C3BYNXP45A
01GSTC8593WB4G0Y4BQXEGNS52,01GSTC8593CE9DT46TR6QPEYM6,45,1/5/2023,6/11/2022,01GSTC8595MXP6ZBMQV6X08ZSF,01GSTC85952T3FSFD9C1QCA7M4
01GSTC8595W753C8ZTTZBAZAH8,01GSTC8596A3D2K9BDXX8MZDVW,17,8/2/2022,5/14/2022,01GSTC85998A4MRAD5JJY7BX9G,01GSTC8599CYRTD22PK7AZ52G7
01GSTC859AWD4890KWAK2HJH7E,01GSTC859AFPB4ENXZJDMQTCC9,48,11/25/2022,8/31/2022,01GSTC859D16VEYV3EZ1YX8KSZ,01GSTC859EPVX78VQWCRBF8PSH
01GSTC859ESG58YE5DVGB9YMNV,01GSTC859F9QYQB6ECT8S83PBG,15,11/17/2022,2/11/2023,01GSTC859GJK0FGXR3ZRE9C3N7,01GSTC859HCD0C4F0S0KXDZ42Q
01GSTC859JGG69ZNQYCTC61216,01GSTC859KQY7TEM304JVXMVPP,74,11/12/2022,2/19/2022,01GSTC859NT859TXX07Z50F0CX,01GSTC859PKRXDQEP8KV39BX83
01GSTC859P8XD6277M2R52CFB7,01GSTC859QVNSEBAS1YBF1QPVY,12,3/4/2022,2/11/2022,01GSTC859SWRXZ3FQA4H526W3S,01GSTC859TF4NX0NA1EPFWNBZM
01GSTC859TECKGKZ0HKAAZ9YFZ,01GSTC859VXE0SZPYJH307FREW,50,3/20/2022,10/15/2022,01GSTC859W6ZVV5XG3Z2VQ5QTZ,01GSTC859WSN9WWXGQ0262G7KD
01GSTC859X1WRSH7E91TRHVYTK,01GSTC859XDG11JG3ZFBMQK04C,49,2/5/2022,4/7/2022,01GSTC859ZZDH59DE2M6EV0CQR,01GSTC859ZG7CWM6DAKN337J41
01GSTC85A00NHJG11XNQBBTX1P,01GSTC85A05D033RG3YT6DEKKD,47,5/20/2022,3/7/2022,01GSTC85A222DVX49J94XQAGC0,01GSTC85A2GSNBS96XHMCTTKNK
01GSTC85A22JCYAX7YNFVB602H,01GSTC85A32RHM2YWPV4VF2PP1,41,11/3/2022,10/12/2022,01GSTC85A4YPJKAHTRH3HY4FJ0,01GSTC85A5QAPM1371MVCP2RZR
01GSTC85A5Y952YAP3HDPH1R1K,01GSTC85A6FX6TW157MAAY08R6,42,2/16/2022,12/5/2022,01GSTC85A7TW8TA1Z16Z5P49NC,01GSTC85A7XTQ14KZK1G796PES
01GSTC85A8Q4DAVCYBA2AWS7NG,01GSTC85A90ZGJMBPFTD4GCZ4J,23,8/3/2022,1/9/2022,01GSTC85AAXJM3T4J1BGKSZ37E,01GSTC85ABZA6SENRH7R1FXPBB
01GSTC85ABVDJHE50R804HZWE8,01GSTC85ABPS970QBG1BQVY735,95,9/22/2022,7/28/2022,01GSTC85AD7JCKY486MMP63JA4,01GSTC85ADB7P42Z3XWF7GDPB3
01GSTC85ADNKKVKVY8MQGYBE10,01GSTC85AEZVYAC94BPKKXSF63,8,2/15/2022,3/2/2022,01GSTC85AFJ1GPBTW5MHJE9FGG,01GSTC85AGFSX58G4AZDWXSNZC
01GSTC85AGD3KWTTJMSGEGYTJK,01GSTC85AG5F2XVN4SX9538YSK,63,7/25/2022,2/15/2023,01GSTC85AJQFJ58Z173VV6153S,01GSTC85AJFJVAM0PWCHMDG9GS
01GSTC85AKYBVGVVEE6N3GA6HZ,01GSTC85AK8Z8YKBH58C0S52H9,92,12/11/2022,11/27/2022,01GSTC85ANWWK130KVE9ENFJH2,01GSTC85ANAMHKT7BRYGKNNC97
01GSTC85ANW3YX6TS2M3B8CDBG,01GSTC85APC2JMQ4MQTV06XCN0,33,6/15/2022,1/2/2022,01GSTC85AQ4Y8EDW1E0KK3ZEK4,01GSTC85AQ0RJN7HNHE218CZH5
01GSTC85ARM2EZWQ2GZE5X37HE,01GSTC85AR1E516NDWX1VVGB6X,5,2/13/2023,9/11/2022,01GSTC85ASKMQDGMC7YSYHHXHN,01GSTC85AT6ZQHD794XDX7XDN3
01GSTC85ATQHCPNWSN63057QCY,01GSTC85AVHWNZ3DY414T604W2,89,11/30/2022,6/6/2022,01GSTC85AWB9MC70C7N53H3CB1,01GSTC85AXPA80ZTT06G0GQV4Y
01GSTC85AX9MJFF72VNK1Z1TX2,01GSTC85AX0AFBREVCNHCYAA00,65,1/26/2023,5/22/2022,01GSTC85AYJK33SAVKB2T08118,01GSTC85AZ6Q08GWCC23GBAEAW
01GSTC85AZS2HT7DFF9P4F3XX7,01GSTC85AZCGXW28V4SMM225HG,94,11/13/2022,1/27/2023,01GSTC85B1MVS55P4CN6PZGC45,01GSTC85B1W0B7JQ95YHRHD7AV
01GSTC85B1049QNTCRJ4KS9GF8,01GSTC85B2AMPVQF48XKRPNZHG,41,3/15/2022,2/13/2023,01GSTC85B321BTB6M3S5RZK6S8,01GSTC85B3YMV4VN5175KGXW7Y
01GSTC85B4G0JAX5ZXBTPX2K38,01GSTC85B4752EP4KHC1KV4MRD,99,6/6/2022,5/7/2022,01GSTC85B5XDH1PF50D01XTSZV,01GSTC85B5GR7C7SQBQH0010N5
01GSTC85B6KXH5QKNAMBCKH4R9,01GSTC85B69FREAJRZ5139QG70,7,5/12/2022,8/9/2022,01GSTC85B86KYGPRNVGF2BB6RQ,01GSTC85B8VZ98RQSXD21VZC5H
01GSTC85B8Q47B4PGNSXHM0PCP,01GSTC85B9JZFKMTJ8MKVQFY2Z,14,1/11/2022,11/1/2022,01GSTC85BAZ7KN5BP3YDE2CJJF,01GSTC85BA2B5HZX7813SPQDT9
01GSTC85BBT76JKZ0Q5C3G5K1A,01GSTC85BB8PXAH8S3BCKRCV3S,73,7/29/2022,12/14/2022,01GSTC85BCPB5XXBQE5MTBPYBK,01GSTC85BDD4WCHTZZJC5XSCQD
01GSTC85BD8EJNQS8XEXQNT7RP,01GSTC85BDVNC73221WHVP6WG0,86,6/11/2022,8/14/2022,01GSTC85BFK5RS2QV2CPYQZZT1,01GSTC85BF5ZTHH2P8JMN2H9N6
01GSTC85BFHMMNY4BDCBCTWFNH,01GSTC85BG96THVMEC2TVR6ZAP,12,6/28/2022,11/15/2022,01GSTC85BH88B02V5S868FXSPW,01GSTC85BH69JCENGM3DBB4ACD
01GSTC85BHXTZ9R5ZM7CNK0GNA,01GSTC85BJFBWGMVNK9YC0BDRK,59,7/5/2022,9/15/2022,01GSTC85BKHVB23TT5XYVYSHMS,01GSTC85BKX893H7QCC44SQAXS
01GSTC85BMYZ3R71B5Y63NE09P,01GSTC85BM4QDJFE3Y3BMTS5AE,93,2/21/2022,9/18/2022,01GSTC85BNJZDE1HWXKYWG006H,01GSTC85BPYQC8VP6Q9YPWKVE7
01GSTC85BPK85Q5SRQ0RT1EXEG,01GSTC85BQS06DTWPZ8R5599B3,37,5/11/2022,5/3/2022,01GSTC85BR7D27KRVPX869FWTW,01GSTC85BREE269JNFFV36K8XK
01GSTC85BSEPBN7YJEPYPQ0TA5,01GSTC85BSQ1NMYRTPW1XFJHM6,65,2/28/2022,4/8/2022,01GSTC85BTCXWDNQFV74PCMSD1,01GSTC85BT8T0G588T0DAD2ZRA
01GSTC85BVK2RRGXSSWNCPKJ62,01GSTC85BVYD2G70802K8TB12E,82,11/20/2022,7/23/2022,01GSTC85BWZ94BY76T53ZG7YPG,01GSTC85BW5X18XVEWVFTD8TNF
01GSTC85BXXXZRP6KZWEEP44Z5,01GSTC85BXY848YQN4BFFTB084,1,9/17/2022,4/11/2022,01GSTC85BYE25ED7RW1N1999K1,01GSTC85BYYGM70RNK3HP1KRM1
01GSTC85BZCKN5VTKRX4NMDHGK,01GSTC85BZVK2T9VXD7YNHP519,13,2/19/2022,11/6/2022,01GSTC85C04E7RRFKFF336C2MK,01GSTC85C0XFXMQX42H7CYX3ND
01GSTC85C1JX4FBKRWP3DQJKM8,01GSTC85C15QE1SCR1TTX891W7,19,3/1/2022,9/30/2022,01GSTC85C355XMSRERPQ8427F6,01GSTC85C3J804B6S3MY9Z4YKN
01GSTC85C3GDQ49GME2M0D456D,01GSTC85C4CSRNB9G9T9P3947B,38,4/13/2022,1/14/2022,01GSTC85C5QHGGQTRFJDX8FWFY,01GSTC85C5Z4Y5T8H1TTEWB159
01GSTC85C5B16DTE60B0600XKA,01GSTC85C6BTCXRH5WMKNPQQ1E,43,7/31/2022,10/1/2022,01GSTC85C7RVF315TY26TGY7C6,01GSTC85C7ZM8KZS694NBBDN72
01GSTC85C7QWGY0VQ8BH8ZCR8M,01GSTC85C8Z4JJE89JB6VPSJBP,13,2/1/2023,5/11/2022,01GSTC85C9BVD86EYYQFWNFD84,01GSTC85C9CNK4VF3HH71YBWBP
01GSTC85C9S0K2ZWTJKY0V5B9Q,01GSTC85CA8XFCDCAAY5K8RPQY,59,8/21/2022,7/7/2022,01GSTC85CBPXVG9SH602MFFMHJ,01GSTC85CB6YYAKC6NYSS1EGEX
01GSTC85CCD7W5M7YKBKTSYJ5D,01GSTC85CC8P9XZ225WHBB47X2,73,2/12/2022,8/14/2022,01GSTC85CEREPCAXRTQY7KBW3W,01GSTC85CF4205FFHVTD6Q9BES
01GSTC85CG4NC2EGCJ9G2P987B,01GSTC85CGVPFNPZ5MQMQWTS3M,39,3/11/2022,2/20/2023,01GSTC85CKHECA4MTMY8HQHSB8,01GSTC85CKBSVMSPZJST9HXZW8
01GSTC85CKSK8XSJ7E8GH9BZBP,01GSTC85CMH2MK00PNGPSR2KV4,69,4/9/2022,11/3/2022,01GSTC85CN8K9G837B81MJZERM,01GSTC85CPK0GADY21CQ6K2G7X
01GSTC85CQP68WWSYJM6TPC8Z4,01GSTC85CQNHK1CPCE8WQPAX82,75,11/23/2022,5/28/2022,01GSTC85CSNYSVX7CTMH9BRTZS,01GSTC85CSG92200DYWZPM9PT1
01GSTC85CT5HRZRE0B7Q5T3MJ9,01GSTC85CT7K3XMN84P9XBTD7D,91,7/16/2022,1/2/2023,01GSTC85CWG6FRBXD09FYKZZNF,01GSTC85CWS4XZRYW801E6J1MN
01GSTC85CWSH2066RWZCE0SSSR,01GSTC85CX260T4PBGGNMVBW0W,91,6/25/2022,4/20/2022,01GSTC85DNP5G3HYDCX6HVVC24,01GSTC85DP9P0D8W1859SR4Z0H
01GSTC85DQRAC808X3CR3WTJRA,01GSTC85DR8NWSMXN0ZCNBX4NZ,51,9/6/2022,8/30/2022,01GSTC85DVBJ5FX4PZR5BSM46E,01GSTC85DV63JPFZG6WJYAHED2
01GSTC85DWX17MQG8VZEYN9MK1,01GSTC85DWC3MF7AQCP8T41PES,89,9/5/2022,2/16/2023,01GSTC85DYQHVD6F6BTNGQHDCN,01GSTC85DZNYDM8WFKVSN7EWBN
01GSTC85E0T9DR5F4BHWFKNCZX,01GSTC85E0RVFQQZD4A02102EV,13,9/2/2022,1/1/2023,01GSTC85E1JK32MC3PAVPFQ4RR,01GSTC85E2NZP541KP0F9ZSY72
01GSTC85E3RXKW1WG2ZGRB65RK,01GSTC85E3P86FR6YZ29QH9AHR,60,1/22/2022,12/4/2022,01GSTC85E5V24GX7HMDFVTAJFJ,01GSTC85E5FYEXAV6MFR73ZFH1
01GSTC85E64DWW9JX31RP7SB8V,01GSTC85E7YBDK6P413VT2ZKNE,32,4/26/2022,2/22/2022,01GSTC85E94YE1PN1A989W6K3C,01GSTC85E9RTA1RQN4JYGRTW1C
01GSTC85EAR7KCKMR9B3BQ0K6Q,01GSTC85EANP1J1B22PDBTMJCV,88,7/5/2022,1/8/2022,01GSTC85ECH9R6531TTSHRWXQP,01GSTC85EC53T69XKKWVP4JPTT
01GSTC85ED9ZHJKPX5RENYKXC2,01GSTC85ED3AETEGS0EA030Z8Y,12,9/24/2022,9/4/2022,01GSTC85EF2TVC51MWBEHGWSWD,01GSTC85EG3533GDWJS81A1DKG
01GSTC85EHR7XK4JSF9GN14RAW,01GSTC85EHJ4D8PFRY0RGCRA41,61,2/21/2022,1/26/2023,01GSTC85EKR5A9B06QCAQ46JCS,01GSTC85EK9YJYJNB8FWX5F1Y5
01GSTC85EMADFCPVZVFPN2JC7E,01GSTC85EN23TNJNH92P62QH66,12,12/28/2022,5/30/2022,01GSTC85EPEPJY4DRCJK1A5551,01GSTC85EQNT1ZRP6CJEH0C78Z
01GSTC85EQJMDARAP34NQ6N508,01GSTC85EQPA57T3GTBFMP3RRQ,54,4/9/2022,1/11/2023,01GSTC85ERNXWE451VMTCTGMKC,01GSTC85ESHT5AA8TJY8YC3X7H
01GSTC85ES1X2X7VDYACMXCTMC,01GSTC85ES3FNR5FQX5N2AQ9TZ,23,8/2/2022,8/20/2022,01GSTC85ETR4W284B4YCNMRHHK,01GSTC85EVBEY67E9KGSZ414PF
01GSTC85EVNMFQ405CGF2Z1VW9,01GSTC85EVHP10M97Q04XS9437,73,12/17/2022,12/11/2022,01GSTC85EW9WEHZ36V2KEF3M32,01GSTC85EX6DN9KMAEF5SCEHTX
01GSTC85EX8GB688YV2X274QV0,01GSTC85EXVN0NTEM55S3VH0P6,1,3/17/2022,9/23/2022,01GSTC85EZFTKJTMFZCC491WZ8,01GSTC85EZ03HJR32K4299E8BS
01GSTC85F0S0CB3B0QMWWE0WKR,01GSTC85F0SGEHYF938CK5CKED,27,6/22/2022,9/26/2022,01GSTC85F29MQWQFT6C3ZT73P0,01GSTC85F329G24HXYCMW6W4HG
01GSTC85F3A3KGHWDBVZ0Y0B3S,01GSTC85F4N687659J2M7NCKRJ,46,2/1/2023,1/14/2023,01GSTC85F63EMJ0WDTXD5VX61B,01GSTC85F7ZXA1Q93EBDDPM960
01GSTC85F7K0REH085K04QV1EB,01GSTC85F8G007Y1CXNZM2BH62,47,9/14/2022,8/24/2022,01GSTC85F9RM6SYSE6QTJ4HXZ6,01GSTC85F9WCYDJKT2S3771KAG
01GSTC85FADAYVRC2A6E7RP461,01GSTC85FA8PN3E5ZTJEWMGGPD,69,8/22/2022,2/28/2022,01GSTC85FBN8RYCXKKQWH7CT0N,01GSTC85FBT4599BGJ56AVVGK4
01GSTC85FCMSC760QHBVKQ10J5,01GSTC85FCEWGQA37PN9XPBMDH,41,1/22/2023,1/26/2023,01GSTC85FDY5SRJPY70JDRR9Y8,01GSTC85FD2GPT3EMBHE9A3RT7
01GSTC85FE9QKSMKJS9EF9GB9E,01GSTC85FEQPD21PG2GQSA01FG,69,9/15/2022,1/22/2022,01GSTC85FFV30T9JEZXVFVT4WV,01GSTC85FFPGKPEMNSCH3RT34G
01GSTC85FG9XQ5PHE48DE3DSQ0,01GSTC85FG4HAR3SKMAPV3347P,67,12/27/2022,4/7/2022,01GSTC85FH23E6ZN9EYGCG5159,01GSTC85FHYDZQ7VFKFKRZZPC7
01GSTC85FHSYNTYE9RBTV2PJFW,01GSTC85FJS22K1HPV4C42EH18,55,11/23/2022,4/27/2022,01GSTC85FKPTX7QM6Z1ZW8J354,01GSTC85FKEEGHVMN6D7RJ0NSE
01GSTC85FKDC02HKNZFBNVWX3J,01GSTC85FMS02CET9H3PY9TBHX,41,1/14/2022,3/15/2022,01GSTC85FNXMME14SVRRF0ZHXQ,01GSTC85FNAYP2R539WPRKEGVA
01GSTC85FN85CPRDNT8XHS5RRR,01GSTC85FNGQ65K27XB5RZJA5S,25,1/31/2023,7/29/2022,01GSTC85FPMB6WSYJ5HZWCYT0K,01GSTC85FQDQWG8XN9ZDT37NWX
01GSTC85FQSE3DCZNCY0338W72,01GSTC85FQV92YVM0XJSJTY273,100,4/25/2022,1/26/2023,01GSTC85FR8Y8K0QZ5EMS0RE74,01GSTC85FSA7R82KEAVAECX4KQ
01GSTC85FSFRTN3DMZT6T4PCV1,01GSTC85FSQS7B6QPPYVHJMT4R,90,11/20/2022,6/23/2022,01GSTC85FT72MM19J7G7S19Y2B,01GSTC85FT99T7EWXKSDVBDDCM
01GSTC85FV4HA885W1F1SVDY6Z,01GSTC85FVAY34RPH9S4KVX5PN,79,7/30/2022,1/11/2023,01GSTC85FW1YMQK4DB9350KDE9,01GSTC85FWG6Q1DQ4YSKSNN9XZ
01GSTC85FX773Q5RAXAXXXDXSW,01GSTC85FXMC3YQHX0BJH54J5Y,100,9/3/2022,8/4/2022,01GSTC85FZYZWRF459ZHEFYRKS,01GSTC85G020HGR7Q1RYES1511
01GSTC85G0NWZ1WNE8V01WRGT6,01GSTC85G4TNK9V722B7PZJM8H,12,12/20/2022,8/24/2022,01GSTC85G6R4KTAFTWVZET058B,01GSTC85G7ETGEVSVQ7K9FPMNB
01GSTC85G8YSJNWAVVQ3VBJZCK,01GSTC85G9WWZ1RRJYP6B11TMC,47,3/20/2022,3/4/2022,01GSTC85GCBRREVJ9S762MGAB4,01GSTC85GC9NJAYYJ1QZB9QZC7
01GSTC85GDD9XFJSFDX14BQ5B7,01GSTC85GEJQTK70XSB0KDXWAJ,31,6/6/2022,7/31/2022,01GSTC85GHARBH6S8NP996PZ8Y,01GSTC85GJS09TXBBE82CNXMZR
01GSTC85GK8Y404D6DGNZKWCRE,01GSTC85GK4FJYDWWT9Y6E15VT,34,10/16/2022,4/29/2022,01GSTC85GNEDXNGWQKG5063YKG,01GSTC85GPJHXF7581WP7AY3DW
01GSTC85GPTFZXWRNTWGMXF55D,01GSTC85GQXJ0QZ9E8W54J6D7S,14,3/11/2022,11/2/2022,01GSTC85GRAN8GQGE3YG5SPQZK,01GSTC85GSMSNAGXKG7912JS3Y
01GSTC85GSWGV5GYS59S041YP8,01GSTC85GTNKW68WTQ91BHWVAA,72,7/4/2022,11/26/2022,01GSTC85GV5WJ1E566W4TXG68C,01GSTC85GVJ47S75JH2YR7HB6J
01GSTC85GW1Y28RSJRSCVXNQM8,01GSTC85GWBEHZM0CA0ZGAPV38,18,9/2/2022,5/6/2022,01GSTC85GXTRRWXSWZJFPHADZG,01GSTC85GX3T7TQDZD4A3E3PGQ
01GSTC85GXF1CB40DG9XN3PP3K,01GSTC85GY2C94Y3TEWGZJZ5R8,27,7/15/2022,5/9/2022,01GSTC85GZDAYZ9HNNTW5NMS5F,01GSTC85GZWXBYXX2Y7SCTAN75
01GSTC85GZ1SPK44ZWCWE8G77B,01GSTC85H0BGN08H84B7QG4N6P,81,3/18/2022,6/23/2022,01GSTC85H1FJ23BA97M3WYAPV4,01GSTC85H1GP8YQHC7C8BMMBZH
01GSTC85H16SJK9K6XRG11QW2Z,01GSTC85H1WBKPC9C26Q3KFV0N,79,5/15/2022,1/28/2023,01GSTC85H3GSA5KTWNCZGB93AG,01GSTC85H3B5AQW4BTATK8C7SJ
01GSTC85H3Q94XTC16GJFS4427,01GSTC85H3VV3ETYSJGCR43VJD,82,4/25/2022,8/17/2022,01GSTC85H4C26W927HMSHKCC42,01GSTC85H5696722NVK1ND7KEP
01GSTC85H5ES4FK35G44ZJ1KMB,01GSTC85H5XVKG1K09CNRG7DGK,84,7/10/2022,4/10/2022,01GSTC85H6PQXWGYY5WGAMGMS1,01GSTC85H7WTYX6K79E5SDMR40
01GSTC85H7ED5CFSHPYKS4SM6J,01GSTC85H7ZHA4XRGNVYCR2051,79,3/17/2022,2/20/2023,01GSTC85H8KX2P2DHFTZZFHVRH,01GSTC85H90P0J3T0C0MKM1S42
01GSTC85H9MRRXNPF4VWCRAK9S,01GSTC85H9G8XSGCBB653PWHCG,9,2/16/2023,10/23/2022,01GSTC85HAR2241256ZV5HNWWA,01GSTC85HBBZ8XMGJDFMPEYH15
01GSTC85HB53EM93V7GGFSZ19C,01GSTC85HB12Y0NRCKXXHXVBF7,17,6/2/2022,10/19/2022,01GSTC85HC3BH3KWWDXD5KRHVP,01GSTC85HDG4RTPANW72FCV52G
01GSTC85HD36JC5AQQ2RJNY8ZG,01GSTC85HDYG57YDQ6H238PKD3,49,7/8/2022,5/19/2022,01GSTC85HEPY8NDN2BXZ8P2MC9,01GSTC85HECA2KT2F3KY8JA0JX
01GSTC85HFGMA47Y07PX29K85P,01GSTC85HFMMGDRG1VVFW0QV45,94,7/11/2022,7/16/2022,01GSTC85HG8R8475P3RPAPFCXR,01GSTC85HH4BF4MQ6MWKDX840H
01GSTC85HH86QHSWQZ7166A65B,01GSTC85HJDHHWDT9ZWGJNNZ4Y,90,8/24/2022,7/8/2022,01GSTC85HKJHM1H6V1VDJ0KYJH,01GSTC85HK5G3CNQCZ5YTXR4AC
01GSTC85HM053YNBKQ21WV2AA5,01GSTC85HMAFARZ2XST6K7FQEZ,15,10/15/2022,1/14/2022,01GSTC85HNP9D52ZESA654F8CR,01GSTC85HNDM32V1PZ7R4DBXF0
01GSTC85HNWKB3YQ1KER7DMYHX,01GSTC85HPB45HTY45VGHJD5SH,52,3/12/2022,9/6/2022,01GSTC85HQJ83S66PRT3HPQBDH,01GSTC85HQK6HD5TRDZ04KQN0D
01GSTC85HQCDZ975VRB9Y4Y3VY,01GSTC85HQKJ3YSTY5QF86DXY9,88,2/19/2023,4/29/2022,01GSTC85HR791WHGGNKN4HVCYH,01GSTC85HSE8HJQ5J13RCH9Q2B
01GSTC85HSDEJ5JSK144M2G44Z,01GSTC85HSG2WN2EWE8T1TBEDE,38,1/21/2023,3/20/2022,01GSTC85HT4CRCKFQDMPZ3VHF4,01GSTC85HTZ6SESJN07JXC5H67
01GSTC85HV5G4D35P7WTDMT23V,01GSTC85HVQYW0HS91N4K083JD,9,4/10/2022,4/26/2022,01GSTC85HWXKNNE4V523G6TMJ3,01GSTC85HWG4CFXX1VAQENHDWR
01GSTC85HXBB1Y8NE1YMCESJ6C,01GSTC85HXJT0E1AFH9JB22CT4,45,5/10/2022,9/16/2022,01GSTC85HY1YPXJKCNXW1GPHZR,01GSTC85HZAHT682HCX5KHZNRM
01GSTC85HZMQWDQ9BMQGP17XB3,01GSTC85HZ3CCPN8JTZZEMJAD5,28,2/8/2023,7/20/2022,01GSTC85J0YT721H3FWV5JYXRE,01GSTC85J15A6D3FHKFBJ5CGGA
01GSTC85J1B1AM49JKETSTCGKK,01GSTC85J1Y9GQRY1E2W81YJYD,94,7/7/2022,1/29/2023,01GSTC85J2E5M6W2YDYS0HMJQF,01GSTC85J32BZ1FEPTS58SMNEE
01GSTC85J3P0D1DWSXZ12YC35K,01GSTC85J3MJRSA6Q3Y4KGCQFZ,19,1/13/2022,9/22/2022,01GSTC85J4K0819THRHDB1D34Y,01GSTC85J4DRN36RQZC284YGGB
01GSTC85J5967GKS2CDJT0J779,01GSTC85J5WTEZRBGR9Y3112Q1,12,2/5/2022,1/3/2022,01GSTC85J6G5XYYWG1PPT6G5V7,01GSTC85J73BZFF767X29R222E
01GSTC85J7F7KD4WXBK90PJ2AT,01GSTC85J7G0PME2XSKGEGTN0R,60,1/13/2022,11/5/2022,01GSTC85J85GWVVZ5WHNHW4XC1,01GSTC85J8ZCM0YRASQGVTTHCW
01GSTC85J9HS8C9GRQ63FDP60G,01GSTC85J905R1DSS78KYZSH0K,4,9/12/2022,5/3/2022,01GSTC85JAEW2YQYD5NAREWFNM,01GSTC85JATWXK4NTY3G4AWDDJ
01GSTC85JBG1Z3DK1GAZ087J4A,01GSTC85JB1V2MA4P2ZJV4PC0Z,75,2/4/2023,6/26/2022,01GSTC85JCM6MHK9E4Q0Z8FVV4,01GSTC85JCAEB9KCMX41QAD1QH
01GSTC85JDR9WKE9QYKN4QEV2N,01GSTC85JDE0RTMECS3G6DT93G,73,10/13/2022,1/19/2023,01GSTC85JEYBQC4M9YEDXCK42F,01GSTC85JFQDK65K96B76BW3KB
01GSTC85JF8P83SR7K16QAVD8E,01GSTC85JF9BR1VM5FV12JSH9N,29,8/27/2022,11/26/2022,01GSTC85JGYD74SFEMYHYBN3SK,01GSTC85JGJRARJ9JNZW1W0YVT
01GSTC85JH52RHS02HVMH7SXYF,01GSTC85JHNXZ3H62MHCX10K0T,30,4/3/2022,5/28/2022,01GSTC85JJHSM8MVAHMW78PXTH,01GSTC85JJNAFQV2TF28854AJM
01GSTC85JKRSW2BA7K1HB39CFJ,01GSTC85JK2FXFHQKPSJ01S7EG,96,5/3/2022,6/16/2022,01GSTC85JM91MN7XB2M675A5AT,01GSTC85JME6JTBZ89D4HSKK6M
01GSTC85JMTCQ74Y78AJ48G340,01GSTC85JNCA71T4BCM6BCTYJW,52,2/16/2022,2/6/2023,01GSTC85JPE6VEXVX27R47M3EE,01GSTC85JPY378G0BEJ7DAR1XF
01GSTC85JPXGDGMPQ1M36E58WP,01GSTC85JQCDWD6HMC6N6W6ED0,7,7/30/2022,1/30/2022,01GSTC85JRN1KDJJT64ZSXT78Y,01GSTC85JRM7R60316ESJYK01R
01GSTC85JR51HN4MZQJJFMCWXX,01GSTC85JS89R5TTHFPYKZKN5A,57,8/14/2022,3/18/2022,01GSTC85JTRCTF9JVVBYM3GF5M,01GSTC85JTW8Y72FRGHJ11Q7HC
01GSTC85JT5P2ANVGEKC6EB8D2,01GSTC85JV6HRRR6G5BHADW56J,33,4/25/2022,4/29/2022,01GSTC85JW4FWYDTCCJAV0V2YG,01GSTC85JWV1KVP2EFPBAEE0PD
01GSTC85JXWN07WC1TQKV5PBNS,01GSTC85JX5ZSQ1G3R1XZ8S2GW,87,5/9/2022,3/1/2022,01GSTC85JY9XGD59YAJNH4N3PR,01GSTC85JYFSQT1J17PPQR2XNV
01GSTC85JZ0PGAF0MJPZ5WFRR1,01GSTC85JZK4565NYK8WE5QSWG,3,1/26/2022,5/23/2022,01GSTC85MKAH90KM0750B39QD0,01GSTC85MK8V3JZXEWM9K2C2A8
01GSTC85MMBRW80GWPFF9NN6W1,01GSTC85MMF530RZDJ7V7T800K,79,12/7/2022,6/25/2022,01GSTC85MQCD3Z96SS43DB2K75,01GSTC85MQZK1YF6F2RESH76PK
01GSTC85MRSD620YS54FV6QVHF,01GSTC85MREQYHSCNGNQYVN3MD,4,1/21/2022,9/29/2022,01GSTC85MT7A542DZ17HVRH20M,01GSTC85MVQFN806SYWYW62P5Y
01GSTC85MVC97J248QT3A6302D,01GSTC85MWJFZG1ZM941TPB370,30,1/17/2023,7/18/2022,01GSTC85MYH0Q58Q97321BK3CC,01GSTC85MYBCJ6G1EMTCDYA2KD
01GSTC85MZJG1HWSHKFCWHVSCM,01GSTC85N0FCA6V963MX5K39JB,97,5/7/2022,12/26/2022,01GSTC85N1B8FFSA55FGBDRYW6,01GSTC85N146TF1BRW1C1WBJGA
01GSTC85N22SXKWQYWDKJRRB6P,01GSTC85N2JT6YFECBFXR4NQC3,2,10/3/2022,8/7/2022,01GSTC85N44M5S9CRS6KP985NV,01GSTC85N46XYX3G9QQSYN4MEY
01GSTC85N5T2PJGV7D38N63Y5S,01GSTC85N5REZ75DXPXQ0MGQ2J,79,12/30/2022,2/8/2023,01GSTC85N7RXM77ERSFYH7ENT4,01GSTC85N7E0391H8J1197175Y
01GSTC85N76977GCM4498WDZ7C,01GSTC85N8M1Q8D471W4ZCTZN6,18,12/11/2022,4/12/2022,01GSTC85N91AJMTS209TYK3YSW,01GSTC85NAES6AVZZ31WH9NTVJ
01GSTC85NBCBA3WC4CBXP7J04A,01GSTC85NCX0MJBDXDJ7N9G722,77,11/24/2022,5/14/2022,01GSTC85NDRQGCDQ0015FAA73G,01GSTC85NDV9BT5Y2MX2HPGKVT
01GSTC85NEKT2GR27XAZ18S8BZ,01GSTC85NEDXKWS3K9V1DYB4WR,96,6/23/2022,4/4/2022,01GSTC85NGFAT85C638XNECKYH,01GSTC85NGHDCCWFN4Q29AKE4Y
01GSTC85NGSRDWXBJ5CFCAZN5E,01GSTC85NH8T1R9WJXMWN0FBWB,34,9/18/2022,2/16/2023,01GSTC85NJ1Z90PY1VZTW3YQ9E,01GSTC85NKD45F326H2XRQMT6F
01GSTC85NKATFAY7EDFTMJBR85,01GSTC85NKK3Q0CMXAQPTATD8J,4,5/7/2022,12/6/2022,01GSTC85NRGDK434XZVDQRWS9E,01GSTC85NRWNMZAW1PFZXSZYAP
01GSTC85NS8TRT81M7KQHZ59YP,01GSTC85NSNT5VEAAC9ZTYJ7DT,78,10/30/2022,4/25/2022,01GSTC85NVN0GBEC4KRGYG6V56,01GSTC85NV2F5R6B9FB5CB92HE
01GSTC85NXBBFMPSVSJ298NF7M,01GSTC85NXCFZB54BS2888C302,7,1/10/2023,1/22/2022,01GSTC85NZNVZFJ8AM7TG63024,01GSTC85NZ026ASWDD35J2Z5DK
01GSTC85P00ADS1Y6EDR0E1K0S,01GSTC85P2WWW4FNJJYB8N2ANQ,85,3/15/2022,7/2/2022,01GSTC85P3HXM4T5MBXXGH6BAC,01GSTC85P43VTQ38DXZRDTWD38
01GSTC85P4SSRXVJN5A1YQWFTZ,01GSTC85P4YW10P7GFCVSDXKGB,27,9/12/2022,2/27/2022,01GSTC85P6P6WMXVSGP8AP62W9,01GSTC85P7N0YP6C2EC8VRD6V5
01GSTC85P7VJGNEXD95E3M3CWF,01GSTC85P8VWYESFXE2GX3XE8F,86,12/18/2022,4/5/2022,01GSTC85PBE9X6WPWFMDNSJXAF,01GSTC85PCNC1A86SDCM30T3XR
01GSTC85PC37N3BTNK05NATWJD,01GSTC85PD2ZWTE684NSY7HJ3J,73,2/20/2023,3/24/2022,01GSTC85PEQZ87GQFGMTZF2SZZ,01GSTC85PE3P263S4JG7XK75TM
01GSTC85PF6BTRKBMD2YN6DTFV,01GSTC85PF1HWF6SGMX6SSMGY2,70,4/19/2022,1/17/2022,01GSTC85PGHBXEZFQEFCZPBG15,01GSTC85PH16P1EA3F3RQBE76K
01GSTC85PHZ7N87XCZM5GME8VA,01GSTC85PK0BFMGKVWQEGBWJP2,65,8/23/2022,1/27/2022,01GSTC85PM1HJNZY2Z1D7N29MR,01GSTC85PMJ4QEMTAK1XM358DT
01GSTC85PN95ZM5W79DEMCKGD7,01GSTC85PNG29NM43BTGSC313X,97,7/5/2022,4/18/2022,01GSTC85PPJM7ZTHN0N5BFTMGG,01GSTC85PQPV3M5DDD7MENSXF9
01GSTC85PQJ2XGE1N9MNTKZ346,01GSTC85PRW6457E4A2RBE793K,60,10/9/2022,7/28/2022,01GSTC85PSP01KK4BNW1FGM1C0,01GSTC85PTCGF6N2ZPCWGDZ37T
01GSTC85PT9RPCAFNMDSH7N8BK,01GSTC85PVBBJSF8DYJVBXNB27,30,4/7/2022,6/19/2022,01GSTC85PW6H5PSGZBQNJ4QYYP,01GSTC85PWAYWG0F8GMN0DRQ0H
01GSTC85PX01K93G5QDASGH2KB,01GSTC85PX043FPK29P13SCWS2,67,4/24/2022,9/29/2022,01GSTC85PZX2SV98JDA9HYBDK2,01GSTC85PZS9181M94RD2179RR
01GSTC85PZFT5AXQMDFVC8RWDG,01GSTC85Q0RCWHQR22PGXPMT72,75,7/7/2022,5/9/2022,01GSTC85Q1KG4J9D1D6NY28CMR,01GSTC85Q284K2K04HTCDAX23M
01GSTC85Q29QA14XBVFMQ0AP6H,01GSTC85Q2Q9ZZHJH2QK4VYY0S,92,11/10/2022,7/8/2022,01GSTC85Q4YAYXK44J0TVWX3KW,01GSTC85Q4QCGJY1WCX11Z1284
01GSTC85Q4JFS6GAV9YD2VH29E,01GSTC85Q4VQR98DS0XBEF3MXJ,24,1/21/2023,1/2/2022,01GSTC85Q64GPAP87QQTENA7GG,01GSTC85Q7FMZ9ADTV1R39VJTH
01GSTC85Q8FP3SH5XJ07FC8PD1,01GSTC85Q8DK92P1YT0VFDP61W,21,9/19/2022,6/19/2022,01GSTC85Q9VGJWJ5DEMHTXM9JJ,01GSTC85Q9KE2HKKH377Y6JHNY
01GSTC85QABS2MWHMTJ7YBZHGV,01GSTC85QB7QPPC6JH1XKM6EXB,24,2/6/2023,2/8/2022,01GSTC85QD21AE4DC6J61TQDQT,01GSTC85QDRGMRNKAVTZA1W4HH
01GSTC85QE3MBYRQKQFM42SYST,01GSTC85QEE4S83B6ABYYN2EE3,64,10/12/2022,4/28/2022,01GSTC85QH0MQJ5AP91VTXMBEN,01GSTC85QHVMT8CTSQBSX8JSJM
01GSTC85QJ1TN094RHTPXQFQ03,01GSTC85QJ560WPX202690DMRP,83,12/16/2022,3/30/2022,01GSTC85QN46SAYZJNJZPSZ0SB,01GSTC85QP519CBVV17V44CSTZ
01GSTC85QPJ254PT9KM14E6TWJ,01GSTC85QPJB90H951R8RPP84T,99,12/30/2022,1/19/2022,01GSTC85QRNCCCB0AS28AKMAFJ,01GSTC85QSHZ3WD1274QP0GYY6
01GSTC85QT1GHBDHAC32F5BXFY,01GSTC85QT9QVS5T9VN5YZQPEK,22,11/25/2022,12/22/2022,01GSTC85QVWSXCX78W83MBSPBY,01GSTC85QW738FH3VE4AQRAS88
01GSTC85QYY5Q8Y1S0H1E57QAG,01GSTC85QYRJXBMAXK1ZZ1RGJ8,34,1/16/2022,10/14/2022,01GSTC85QZE1C63VFBC5NK2QTV,01GSTC85R0JZ4MSA1H2DJRBJ67
01GSTC85R0WKM0M5T7FGWQVND0,01GSTC85R0HJZJW2C5JZKCW6WJ,38,1/24/2022,5/13/2022,01GSTC85R2AGS1JBD64ZN2GW63,01GSTC85R24XY5YNK573F5XC25
01GSTC85R3E4E4SFYVHV878EYA,01GSTC85R39QZH0FA6J5QZFCYH,6,8/10/2022,7/14/2022,01GSTC85R7D8HP0MNHSPVZXRMF,01GSTC85R7P58R4MEXDEP8WQGC
01GSTC85R8YWXV9AR3T7M341KD,01GSTC85R8GQVYJ54AVSRDZ7HP,65,1/26/2023,5/9/2022,01GSTC85R9XQWGEZV7N2K0GGMX,01GSTC85RAHPR9KRFRZ3QPCVC4
01GSTC85RB3AC736727HTY5MAS,01GSTC85RB86SA7NXGGDTDPR5P,2,2/11/2022,6/22/2022,01GSTC85RDFM723N7JN5987BF8,01GSTC85REHAC70EDRM0T53BKB
01GSTC85RGWJ0TD8YA08R5BEY2,01GSTC85RG5PYYB5FXN9PWEH8Q,31,9/13/2022,8/16/2022,01GSTC85RJ3XFW803400Y6M4MR,01GSTC85RJW85GW5RHJ8S3KGJY
01GSTC85RK8ME468RKCDWBMMP5,01GSTC85RKNPKA2EZ7102Z77YE,68,4/24/2022,6/6/2022,01GSTC85RN01ZE383Z2CDMRV5J,01GSTC85RPAE1P8HKPAVTH9KV6
01GSTC85RPQG8MWX3QY76RCRZ6,01GSTC85RQAKCRAFGCBGH0RFWR,84,12/30/2022,2/10/2023,01GSTC85RT81JV3JZ6M40WFCNH,01GSTC85RVPDKAJ4ZQ6DE8JZG7
01GSTC85RVFVX7DSJWD2B62PYD,01GSTC85RW02EEDM99RN41QV9T,41,4/1/2022,3/29/2022,01GSTC85RXE149QYE8MHJ9GFBX,01GSTC85RYKA2QYJSF35FV57CQ
01GSTC85RZ376HZK8TA2MN1RPS,01GSTC85RZ3PMM9JX81TTCMM29,1,4/6/2022,5/18/2022,01GSTC85S24D7EQHQZVH1MX6B3,01GSTC85S3HZ22YM0D93K9879C
01GSTC85S425652MGQZBPW22TF,01GSTC85S5NW81DSEWAQ6J62S6,77,2/1/2022,2/9/2023,01GSTC85S6QV9PWQFMMEYEG0XV,01GSTC85S64Q6AE28YV653XPGH
01GSTC85S7Z1HKJK4HP5XMGNYC,01GSTC85S77TCEEBPBM44DE6DB,17,3/8/2022,12/29/2022,01GSTC85S9PNQ645RHN5EEHDPG,01GSTC85S915GSPRC5BZQB0FQ4
01GSTC85SAXYRM8M4YWCN1FDN7,01GSTC85SA04D5AV8CQAZNETKG,67,5/9/2022,4/22/2022,01GSTC85SCBWC42SFYE95K4QE9,01GSTC85SC5J27FZJDZM2W1SDP
01GSTC85SDFMKSQSGCD01AAM6H,01GSTC85SD7NXCJB43VXHV5XGP,69,11/30/2022,8/22/2022,01GSTC85SES5VA85WDC9SWAZE3,01GSTC85SE3K9BEDWZBASFC25D
01GSTC85SFQEE6DX8KT6GXKPD2,01GSTC85SF34Q23PA7H9D5QEXS,80,11/21/2022,11/24/2022,01GSTC85SG2802M72N9TG9TVAH,01GSTC85SGY89BZ0VCNP7KZCY2
01GSTC85SH7A21J3ZAJ53NN65N,01GSTC85SJ3FHX9KAME8RZV888,45,8/2/2022,2/14/2023,01GSTC85SKT6XQ409CQ1EGNEYY,01GSTC85SKXV5C9BNT1MXSFTS5
01GSTC85SMPTF5NBTP2DNSPSTD,01GSTC85SMPRH8JYZJE0P80MQX,48,5/29/2022,1/11/2022,01GSTC85SPYCRTDRW5B8V76G8Y,01GSTC85SQM0ZDG6Y08VVXPV65
01GSTC85SQYPZRMJPC88H8VZAH,01GSTC85SQZ226B60ETNPC0JJW,66,7/20/2022,8/22/2022,01GSTC85SRH32GBF4FWESRHVT8,01GSTC85SSPJ4AV2EDX04PE8BY
01GSTC85SSD13DY73R4GPQ82M8,01GSTC85SSB2SRF4Y9S7W6TWTY,77,8/13/2022,3/10/2022,01GSTC85STZQ8Z01C7H2XP1VSE,01GSTC85SV9K3V1CWXA5SDHHHN
01GSTC85SVGVJMBCZ587WBDGDS,01GSTC85SW7BY1DW5HW650WEAD,70,2/12/2022,8/8/2022,01GSTC85SYAQZ6CSAX3YJVN6V7,01GSTC85SZEBMC1N4836KBG9S7
01GSTC85SZFMPDXGFXMXA1JHX0,01GSTC85T1H7JHD1ZJ35M0E2T7,69,1/22/2022,2/22/2022,01GSTC85T3S186X0BTGW4SX19E,01GSTC85T398QB97XYEK42JDF0
01GSTC85T3S7R6ENF562HT0WZE,01GSTC85T4SVY44CE0EMNERK2H,69,3/11/2022,1/7/2022,01GSTC85T5RKWYPRZBAYJ77FZZ,01GSTC85T53P4A2G9QVGSTD7NJ
01GSTC85T689VFQ1N7Z6AQMC6X,01GSTC85T6HSKVZFD34MDTGG08,22,10/18/2022,10/10/2022,01GSTC85T75G97JQZ4463WGERQ,01GSTC85T8A5RKPKKVJ0WNSDTG
01GSTC85T8SE7TV811YK09CXX2,01GSTC85T8TBGVPZYT546T43E8,40,2/25/2022,6/24/2022,01GSTC85TA17Q2F3RXWXHDVY5W,01GSTC85TAPR1RRVBVZVAXNKPW
01GSTC85TB3P0K18AMWJW7TD8D,01GSTC85TBDQ9FNY755KG4SJ6Q,75,5/17/2022,10/22/2022,01GSTC85TCJVP0CBFKD5QQQXKW,01GSTC85TDN6ARSPWR3CGV5273
01GSTC85TDW6BBWAPTCVMYQ4BX,01GSTC85TDBZAS6N82VY236EWJ,90,4/6/2022,3/13/2022,01GSTC85TGKT1VMZDEGMREHAB1,01GSTC85THB84F68XQ8JA3G4Z3
01GSTC85THDC7DHCDQYXSZ9VZX,01GSTC85TJBE1469BV9B5AWZ65,89,12/20/2022,9/1/2022,01GSTC85TPGTWADRTBTKAYJAK8,01GSTC85TPMCWC3XWQE5JRPY82
01GSTC85TQ71JRPM7PS84D7NAM,01GSTC85TQY75BB3MDNJ675YC8,91,3/27/2022,12/20/2022,01GSTC85TSP583X0CFAEVBBZEC,01GSTC85TT7113E11MQBAY9EMH
01GSTC85TTQ7KWE2KHQNB6NJPV,01GSTC85TVZJ2PNPAYSSN9ASMW,60,7/16/2022,8/29/2022,01GSTC85TWKWZX1X2J0W1D0K50,01GSTC85TW66JNSPWP2HQEAR0E
01GSTC85TY2NZTN5PH26S3YY2A,01GSTC85TYSWDX0E5ZWWAHZRDH,99,6/24/2022,5/30/2022,01GSTC85V1WRGNT35FS6J3570F,01GSTC85V1K93JBSNQM9JFJ6QH
01GSTC85V1D84GH07MESCDH4Y0,01GSTC85V20J303R5DQK48N80B,62,4/2/2022,12/1/2022,01GSTC85V3SJBB2WTKDPBT62BQ,01GSTC85V3B2H0AMJAAD4DN1F6
01GSTC85V4NC3K05C5F3B2MTRV,01GSTC85V4V0DDQ615DRTCG4WX,85,5/2/2022,4/23/2022,01GSTC85V77YJNC8PC34MGRWV7,01GSTC85V7RKP7WMWQQAKWX2NY
01GSTC85V82JYZ1KTEKCPJF6RC,01GSTC85V8XN02JV2MWFAD87BZ,69,1/30/2022,5/9/2022,01GSTC85VASW765GCFRMTHP1T3,01GSTC85VBVTMKCDXE3J9R4S7C
01GSTC85VB9RGQJJYZS3B6EZM2,01GSTC85VBV2R5NZY1N0T5H85E,87,8/28/2022,2/6/2022,01GSTC85VDH4288JG52ZAG3188,01GSTC85VECQCGRCCFVDW5DPN7
01GSTC85VF8JH3T189SHV9QHZ2,01GSTC85VFESR080DYKVDRGAVB,18,4/23/2022,7/14/2022,01GSTC85VGXDV9TC6QMNP67FKQ,01GSTC85VGYJE4ESRRFDP98X99
01GSTC85VHTRS3HSQJ5GTFGM0D,01GSTC85VH5N2YHMHVT0TRZ148,88,2/15/2023,5/17/2022,01GSTC85VMTG7QTBFCFY0TZVVM,01GSTC85VMG7SVRM3Y94DV93H1
01GSTC85VNWD1BJMB9H0W5KS8T,01GSTC85VP5EKTTC73T4BPPDQW,42,9/11/2022,4/12/2022,01GSTC85VQKHVHHEEKMVKQRD2C,01GSTC85VQP86DTGMZ9AJAFZPD
01GSTC85VREKDSJGQ2RX6X65SN,01GSTC85VREZ1SGND2AHE6FGCS,68,6/22/2022,1/25/2022,01GSTC85VSK6DQSWTP6P4Q9CZ4,01GSTC85VSR2SDAC0B16S8419G
01GSTC85VTMT04Y6G3WMXEXD0A,01GSTC85VTSYEZC86A4M3W0TSB,31,12/4/2022,3/3/2022,01GSTC85VVJE05S61GJ1JFRC9D,01GSTC85VWCSW4SBKS1RWJ821K
01GSTC85VX2JPSP5WVD28MDV27,01GSTC85VX9MJKHM4C3JYF1BRJ,94,3/16/2022,6/19/2022,01GSTC85VZEBB7BAVE734V22M8,01GSTC85W0HWHXPWHDE8M6X3KT
01GSTC85W0H5X5VYV91NSVKY1K,01GSTC85W1D0343VVZ47QW38JC,9,10/21/2022,11/19/2022,01GSTC85W41TKZ2TSWPE5H9192,01GSTC85W4DDGCQJSTZN5THD5W
01GSTC85W5AQC4SCDM2WZBWZSS,01GSTC85W5T2HMDFNAXT210J5N,85,1/30/2022,7/20/2022,01GSTC85W8KATSWEBXJ0CPCSBT,01GSTC85W8CYBQ06MTY7CSVCCP
