order_id,user_id,product_id,created_at,modified_at
01GSTF7P4CKSRT4RZ72772KY2J,01GSTF7P4DQ4C3XP2JK9AV4J0Q,01GSTF7P4DCVPMP8EKNX04E5NP,2022-08-12,2022-02-05
01GSTF7P4E5YMDF09J3A8WHGYY,01GSTF7P4FY1NKFEBT72ANC3YY,01GSTF7P4FBCVXXMS0JV2XZ0VN,2022-10-03,2022-04-12
01GSTF7P4G9CTBC5KVDYTSH0YS,01GSTF7P4GZ6C8EEX6J7BYWPCQ,01GSTF7P4GG4D99FCRDC9GXFV4,2023-01-07,2022-05-18
01GSTF7P4HGSJ6GZSV5092SQH6,01GSTF7P4HAF1DAABJB25P4K7G,01GSTF7P4HCRRSQAF5Z85E5V0M,2022-11-23,2022-11-29
01GSTF7P4JHJY4PGE586957Y5Q,01GSTF7P4J92TCQ2A8J50A5KQS,01GSTF7P4J046FX0HX9FDDF17X,2023-01-07,2022-05-10
01GSTF7P4KH2MM7JSAWMGZKKBN,01GSTF7P4KX820PYTB4ZBXECM3,01GSTF7P4MJKQJCWW76C4JF8DD,2022-03-04,2023-01-16
01GSTF7P4NCA7VCH711783BP3R,01GSTF7P4N71HM430BZXHG660P,01GSTF7P4PS0P9X1731HQS4NH6,2022-07-14,2022-03-21
01GSTF7P4Q721BD0DJBASY59TN,01GSTF7P4QMWGEDXEJRAP6C1K4,01GSTF7P4Q5JYZKE17WR108WGC,2022-04-14,2023-02-11
01GSTF7P4R4HB69X1GCRSYT4NB,01GSTF7P4RQMCVZ78E13VET9W2,01GSTF7P4SNBYF3TAZKXVWCVAE,2022-02-22,2023-02-13
01GSTF7P4SH4895PFCC295YXP6,01GSTF7P4SC58VFA3WZBKRFDMQ,01GSTF7P4TWHXHP6YQ40M5ZMA6,2023-01-18,2022-12-16
01GSTF7P4T8M0G5P8JQ1X2C84A,01GSTF7P4VQD3FRNNGTHCBK6K0,01GSTF7P4VTCSNYYKPF7FZW01G,2022-03-28,2022-01-02
01GSTF7P4V6Q8EM1JSQHBWTD43,01GSTF7P4WZH6DCP2314HZT17X,01GSTF7P4W3D9BYWJSX8MRY5EQ,2022-05-04,2022-05-06
01GSTF7P4X4V6DSWSHERWC720P,01GSTF7P4X894RSPTSJPBN7QN8,01GSTF7P4XCMR7DHBWDXAEHCSA,2022-06-25,2022-08-17
01GSTF7P4YJFR862S9SWJJJJAE,01GSTF7P4YSRCAYCQJE078GPCM,01GSTF7P4YEMA42WDRPZENWDPQ,2022-06-28,2022-05-27
01GSTF7P4ZVH6NDCMV7W679J7F,01GSTF7P4ZAXS13XE38JGM2WBQ,01GSTF7P4ZE6FF4HNTKD9NSQ9M,2022-11-30,2023-01-18
01GSTF7P50ERKWM8HYD6DDFMM4,01GSTF7P51WB6X9P7GRP3RNVXD,01GSTF7P512QH9G30WCEW1HQBY,2022-07-28,2022-04-05
01GSTF7P510KKV0YVYGMK39RKD,01GSTF7P52H2YTT99465SAPAWT,01GSTF7P52K21CWS8FC4ESR9HM,2022-06-11,2022-05-13
01GSTF7P53GFKWZDKMYXZMRNB6,01GSTF7P53W0P3AE10TDPT2JXE,01GSTF7P53ZQX0YDY76823FTNE,2022-04-24,2022-05-07
01GSTF7P546S6DC0PVN11QD5ZC,01GSTF7P540YBTPASJNWYDXWG9,01GSTF7P54ZGBNBRR0F9NQQYMZ,2022-08-08,2022-02-07
01GSTF7P55Q4SWVGAZWN20AJVA,01GSTF7P55WEC9GJP7KDA058YC,01GSTF7P5572F51MDYAARR66MN,2022-02-27,2023-02-14
01GSTF7P56TWVJQK6538JBYB6P,01GSTF7P56C6FN05TSTQTP6392,01GSTF7P57X9XTAR095KD0WTYA,2022-11-19,2022-04-10
01GSTF7P57FJNDZ28B6XEFQDGA,01GSTF7P57Y5XQ7FMBJ05HTA4H,01GSTF7P580ZDSCEFJ09W7ZPB9,2023-02-08,2022-11-11
01GSTF7P588BKR1AJ1MQWVQ1B6,01GSTF7P59PZM3GP054XN09423,01GSTF7P59XJK4Z7X9CC2XYV91,2022-07-04,2022-02-01
01GSTF7P5A934Q0PH4MW567F6E,01GSTF7P5ASFNZAAAE3HJSDPDM,01GSTF7P5BF1B2YY15XQ5E7EZY,2022-12-17,2022-10-25
01GSTF7P5BC0NSNJYKNS0HDACQ,01GSTF7P5BEW5XK2Y96SCWCYC1,01GSTF7P5CY2YA91F3D23SN931,2022-05-31,2022-05-03
01GSTF7P5CR05ZK5VPV291JHET,01GSTF7P5C6TAV5F2ATP340B8B,01GSTF7P5DWNH2PM29VV2K38QM,2022-03-17,2022-05-17
01GSTF7P5DWH30PJMNW1A2HS7C,01GSTF7P5DM3VV228M7SYNYVD6,01GSTF7P5EVQ7JH16RCR1TQCV9,2023-01-25,2022-01-17
01GSTF7P5EC94ZW9CCS1ABZNQT,01GSTF7P5EM88FMY4ZP7QSSSF3,01GSTF7P5F3NQ88JMXW52KQR0A,2022-05-21,2022-03-30
01GSTF7P5F0XZ6KT2S4G7N8K29,01GSTF7P5G3R6CZMEVYEA8SCKX,01GSTF7P5GD90C8GV8ET8043X0,2022-05-27,2022-07-28
01GSTF7P5GFSXPHQRNSW866NBE,01GSTF7P5HSB91PM0AC5TNGGMG,01GSTF7P5H42C4D7JB5DE0DJ3C,2022-10-19,2022-07-07
01GSTF7P5HHS4K7PD9772NNSBH,01GSTF7P5JFG9ZDNCXXJHX0GQX,01GSTF7P5J12CB8DS63KG2Q3VP,2022-03-26,2022-09-07
01GSTF7P5JMKAGZY9YFW2S61F9,01GSTF7P5KD880XX6FT00MSHY2,01GSTF7P5KC1EWJJC7WXE9XKQM,2022-12-16,2022-05-31
01GSTF7P5MX9Y3S03M52YYR5EN,01GSTF7P5M6ZX2EQCKCCTNGH04,01GSTF7P5NGE1XPN254MY6DWR8,2022-10-08,2022-02-06
01GSTF7P5PVYEW6N0MY6ZRHYE8,01GSTF7P5QM53V410CV94VP39A,01GSTF7P5QJMGSP0NQGC8R2WAQ,2022-05-15,2022-03-15
01GSTF7P5RGAKR1ZTXBPFGP8VG,01GSTF7P5R08J6DGQTTSV75C24,01GSTF7P5RERSSBH40TR69CB5E,2022-10-03,2023-01-05
01GSTF7P5SWMKE0N49T5WDZ2JM,01GSTF7P5S1V0329RM0V0PMVDT,01GSTF7P5STMQ3TQGEVE0DNB48,2023-01-22,2022-01-19
01GSTF7P5TR01QHYMJFPW88DK8,01GSTF7P5TCGDQX3ZMRQ4K1AK7,01GSTF7P5TEK6N3P38WN999BN1,2022-08-01,2022-01-25
01GSTF7P5VYVGJM8HWATBG970C,01GSTF7P5VXWMN5N4FTAGHHED8,01GSTF7P5VQR1FKM5JPPQ9DZPS,2022-05-15,2022-08-12
01GSTF7P5WYFSQKXFNA9V5XG8P,01GSTF7P5W9F2N55D5APXWQPDS,01GSTF7P5WHH4CCAQY0R9WGYHP,2022-07-15,2022-03-02
01GSTF7P5Y2C0WTA6NM62M6420,01GSTF7P5YWK5GRRFKJ0EMD6EK,01GSTF7P5YA9D3HXZZ3AWA39TF,2023-01-06,2022-06-17
01GSTF7P5ZJRDQRP6CJ8T8A3GP,01GSTF7P5ZYAXANFR8KFPC01XJ,01GSTF7P60YPZEZKVR6PA80XTV,2022-10-04,2022-06-29
01GSTF7P61BS9VV9H9MV9QJ4QB,01GSTF7P6101KR0C508BN8VX16,01GSTF7P62Z2WJZ1A6B2BDG7E2,2022-09-28,2022-09-14
01GSTF7P62SBPZ18KCRJWVWY5J,01GSTF7P63WPEK0KM3S1F4F6H6,01GSTF7P6364GPQ8BCQERF0733,2022-11-09,2022-06-20
01GSTF7P63BSJKRFYEN6K8GXDF,01GSTF7P64PYRXV6RNZJ1Y764W,01GSTF7P64DAHW4P7J03MT03T7,2022-08-05,2022-07-17
01GSTF7P64C04W5AGWJ5FNSBS4,01GSTF7P65S86VMA884M5CCCRH,01GSTF7P65QPEVC4Z6WRE5JAAP,2022-08-01,2022-04-09
01GSTF7P66828BDWVC1NABPECC,01GSTF7P660ZDPNRMC4YX02DWP,01GSTF7P67J66QSD5JVNN8E3Q1,2022-06-30,2023-01-08
01GSTF7P67JXQ9PWH1CYS6HXS0,01GSTF7P670MHXA5TTRDC0KC8H,01GSTF7P68WPY79XM0M6JCA6H4,2023-02-06,2022-02-03
01GSTF7P680FJKMYXQW1WD81FY,01GSTF7P69Z98MSCZ4J4D71ERP,01GSTF7P69RWT8CY92BYD33BJ4,2022-08-13,2022-12-19
01GSTF7P6A1N5RJXWRHMA7PEBS,01GSTF7P6AB212Q0C8GBSPC2TT,01GSTF7P6B4GFQYBETS2YRTB9V,2022-02-23,2022-07-27
01GSTF7P6BNEEHWMKJA1YHZC73,01GSTF7P6CP47SCEKP0VJB7BRK,01GSTF7P6CKATT8ACXK2QN5CSP,2022-12-18,2022-07-17
01GSTF7P6CXNRE5KTNC736CTAT,01GSTF7P6C5WH2AMAX2TBHXPHG,01GSTF7P6D00MSZGXPRC23V688,2022-10-19,2022-02-19
01GSTF7P6DFRCGDCANYTGZ5EK9,01GSTF7P6D399A4S9WY7S7NWH8,01GSTF7P6E946W1288K3FBPBNK,2022-03-08,2022-11-16
01GSTF7P6EAYJE377TE5ZY47QT,01GSTF7P6FC1ZAC2ZNE5AAGNZB,01GSTF7P6F6J6DJTNX0XNGCM9D,2022-03-24,2023-01-01
01GSTF7P6FMPZD9EHNW1M78JX2,01GSTF7P6GNXJ16K0WHP12Y2N1,01GSTF7P6GDZ8NKWFK7Y6M920M,2022-04-04,2022-10-22
01GSTF7P6G49QA09QZX9MAD71A,01GSTF7P6HKDCKHJEQR9G3CR7M,01GSTF7P6H73MSTN3E8CSGY4E1,2022-03-26,2022-04-04
01GSTF7P6HK5N5QJT0618ADHMH,01GSTF7P6HY1CM0BY9DGWCPD29,01GSTF7P6JQ7S8PGKMZS1JAXNS,2022-12-24,2022-02-15
01GSTF7P6KZ9VP37F11AG9HEA6,01GSTF7P6KTEZVAWSK1KWGHCRB,01GSTF7P6MDDQXZXXZD6KWG74P,2022-05-10,2022-04-02
01GSTF7P6MZYZ9BG9TK100JV1X,01GSTF7P6MH0184N38TREGG661,01GSTF7P6NZCE90YGM68ZSSDSE,2022-01-18,2023-02-20
01GSTF7P6NDA529QA5MTJ9RN9T,01GSTF7P6P3ATT8K9K2F0CQESH,01GSTF7P6PD31N0P5Y3923YHH1,2022-04-15,2023-01-19
01GSTF7P6PYCA9STK71HNF1VKA,01GSTF7P6Q9QDF9C0TFRQHGDEN,01GSTF7P6Q6BA224WKRQ1XEAPH,2023-01-05,2022-02-25
01GSTF7P6R3C1JF96YQMTZYXZS,01GSTF7P6RWJ043YJNGMXYXJ7H,01GSTF7P6RT5AJ849M6WFY36AM,2022-06-26,2022-10-25
01GSTF7P6T3A78ZWWW37MBP3NM,01GSTF7P6T74H2M4H1ES3HWJXB,01GSTF7P6TQC9WFQ2Z1ZM098F3,2022-12-30,2022-03-30
01GSTF7P6V1NFM259HMG0XSJM9,01GSTF7P6V739ZR0DY2QBBB8AZ,01GSTF7P6VFR0FD5T4VMP6RH4W,2022-11-26,2022-08-27
01GSTF7P6WRA9JYN11WPAGAG4P,01GSTF7P6W3GJJ64370YDAXJMD,01GSTF7P6WRQZ44SFD21D7YVWC,2022-04-22,2022-10-31
01GSTF7P6XR0CBYD736FCHR97T,01GSTF7P6XG769NWAVSDHWJWFZ,01GSTF7P6YTVRQZXX11XJ6DYJQ,2022-04-09,2022-03-24
01GSTF7P6ZGXCHDH7EV5TBSCRQ,01GSTF7P6ZPS9F89ZXE2R98KZX,01GSTF7P6ZG1ZFA795QGQW5MGP,2022-04-18,2022-01-20
01GSTF7P7032SV0GMNC2TTN1DN,01GSTF7P70VV63GBYZPRX22HDB,01GSTF7P7058V70MSV4BRW4V2Q,2022-11-25,2022-07-21
01GSTF7P71W14KA089ASASTBMJ,01GSTF7P71RT8PMBCF5A1GWS5Z,01GSTF7P71ZF01AT417V90TCK4,2022-06-06,2022-08-18
01GSTF7P72M1VECT91WK4XEMBG,01GSTF7P72QXEPG28HEPMT7B7N,01GSTF7P728YWGKG4Z1MED20M6,2022-09-17,2022-10-15
01GSTF7P73W8NSV75RDJ388BQ6,01GSTF7P7347E30GC6CPCAF39B,01GSTF7P734001M75Z5GDTNJMT,2022-12-16,2023-01-24
01GSTF7P748JG93Q1H00GHJMPQ,01GSTF7P749XCG624HAXHJ5TFE,01GSTF7P74WEYJXQKYDKATYAN2,2022-01-09,2022-04-20
01GSTF7P75WCKZQ3PR0V7KAFWJ,01GSTF7P75S389W3VFRCGBAVVS,01GSTF7P75H901ZSBGDARTX6E4,2022-02-21,2022-03-03
01GSTF7P76RKJMR14YHP7VNX06,01GSTF7P76VKMX9358EM0X4H4A,01GSTF7P76E57ZSVCAR5K4BC41,2022-03-23,2023-01-28
01GSTF7P77JT49M9KJ4FT2QWJA,01GSTF7P77MKADRXSSQ3537AFD,01GSTF7P78XMQA2J4MZDQ1QNF7,2022-04-27,2022-03-08
01GSTF7P789ARTN1CW24HMNWK8,01GSTF7P78N1X6M5NSVDFE96PZ,01GSTF7P78VZBBJ0VB5RD2MFWZ,2022-08-02,2022-02-16
01GSTF7P790B69KMJA5ER2AZPE,01GSTF7P79QTHZ2AXHQJ9Q8QAV,01GSTF7P79TN0RN23QBQKMRV9H,2022-05-30,2022-01-16
01GSTF7P7A06PY6BKZJWETWC35,01GSTF7P7AWNCM3NC6P80FZYJ3,01GSTF7P7BM32GT3JP93WYPN2E,2022-02-09,2022-12-08
01GSTF7P7BAQCGHRDXMHBG8B5J,01GSTF7P7B747X03ZB0M3KNFK3,01GSTF7P7CAB9V2CJFD3NZGWG3,2022-04-11,2023-01-17
01GSTF7P7CWSMGH26CM5Y9NRKD,01GSTF7P7C4BTRMZ8M1QDX7SJM,01GSTF7P7CDBRC9VTT1Y6D07PB,2023-02-14,2022-08-04
01GSTF7P7DAYXQSDRSZCHBJYKM,01GSTF7P7D15GGSNZ3JSAEG0Y2,01GSTF7P7DXZ8XJ5HW1WDSTHZF,2022-09-29,2022-10-07
01GSTF7P7ECP5DQZBT8BX895FF,01GSTF7P7E4SBGJ0T9T6M8GXWX,01GSTF7P7ESH49XBKEXMCDV6PB,2022-05-01,2022-01-06
01GSTF7P7F9Z8X4B356ZMMASP2,01GSTF7P7FCHH0DVKT0CTKMC4W,01GSTF7P7FN0FHK0JP7XQ37SY8,2022-09-02,2022-10-18
01GSTF7P7GVY62NB3NZ69KR631,01GSTF7P7GY3C5Q7H67R70514N,01GSTF7P7G79BYA1EJ0756NSSC,2022-07-21,2022-11-22
01GSTF7P7HWSRDK5YTPV57XX14,01GSTF7P7HBJ578E5AHD231QP6,01GSTF7P7HGSVMMZV24T1DFX9B,2022-04-20,2022-02-27
01GSTF7P7J30MDHA3D04CF17V6,01GSTF7P7JE2EY32MHJ8Y3NASP,01GSTF7P7KF4XZP0HSKMX0B30B,2022-05-17,2022-01-18
01GSTF7P7KZ111K058CMWH4KJ9,01GSTF7P7KA2SAFSA9BZHSYVXS,01GSTF7P7KVHQ3G30JWX5TZTBP,2022-06-13,2022-05-21
01GSTF7P7MAYZDH8D1C12TCAKM,01GSTF7P7MX8CH6KMZ7D91W6KJ,01GSTF7P7MPY73994K0STX8BHK,2022-12-18,2022-08-31
01GSTF7P7NXJGBQQHWX9ZE0HAM,01GSTF7P7NF6TZ99YA0WVEDNZY,01GSTF7P7NBGG90C7R5X9TVVMN,2022-08-09,2022-07-17
01GSTF7P7P7NMQ8A3YK3FVEP28,01GSTF7P7PP3D1HBJB0A1SZJWJ,01GSTF7P7P7XS8VNAH72BXN9AK,2022-02-09,2022-09-28
01GSTF7P7QPVH0QZR5TCFNRMCG,01GSTF7P7Q087H1RQCDAN0D6B8,01GSTF7P7QTXCXRY91DKNBNAHC,2023-01-03,2022-05-26
01GSTF7P7RDCHGDTQ5KGYYBZX6,01GSTF7P7RQXASBFZPJYX7W93G,01GSTF7P7RDHEHZKSFJK4RJSSH,2022-01-15,2023-02-06
01GSTF7P7S7ZTS994T36XXNFVC,01GSTF7P7SJGDSTAAZD3HE9PJ5,01GSTF7P7S8VSSPBJH4GPCQ5KG,2022-05-04,2023-01-15
01GSTF7P7T09V3SAK7BN17X0MC,01GSTF7P7T1BN5K61629R4T2N5,01GSTF7P7TTXBRAGAAQ6VXEEGX,2022-05-05,2023-02-12
01GSTF7P7VETGKVF9KW48YCBC3,01GSTF7P7VKB68XTTBBMQE40P1,01GSTF7P7V887Z129B5KEBTY1X,2022-12-08,2022-05-08
01GSTF7P7WQSSRT7MTACYR7CTN,01GSTF7P7WYYXX6F9XMB5K2VB9,01GSTF7P7W2K7GEHYSZM6B1742,2022-07-28,2022-07-12
01GSTF7P7X2Q2CMS8Q50XZ9QCF,01GSTF7P7X48PBWNA4VHBE1H0Q,01GSTF7P7XK41A2SZ1R2N1FSJC,2022-06-14,2022-10-12
01GSTF7P7YY6FMBWV16DVPCDWK,01GSTF7P7Y2C5156XM2A6RDFP2,01GSTF7P7Y3RPR3Q42S8QWNGE0,2022-09-26,2022-06-14
01GSTF7P7ZKX9B2HTYASG1C8N8,01GSTF7P7ZDDA131232D4R549T,01GSTF7P7ZZY23MPA829911X0B,2023-02-12,2022-04-25
01GSTF7P80TVYK3WHNGGEBEZYD,01GSTF7P80SKR76XE8930PPQY1,01GSTF7P80P83CF5X871PEAY95,2022-04-08,2022-12-13
01GSTF7P817TB5ZWB5G3A3Y7RG,01GSTF7P81X8QVRXX4APWYMJNR,01GSTF7P819PR7C6R3KT13NAEE,2022-05-15,2022-08-24
01GSTF7P82C84W0YAZPBP1FR3Q,01GSTF7P82EC9M2ZV04KPV411T,01GSTF7P82AZGGM7YV50RHPWQY,2023-01-17,2022-11-05
01GSTF7P83YPKYC204SN71387J,01GSTF7P83DCRZ5TDQRTXYPBA6,01GSTF7P833T9J5RX1WTGSJ3VH,2022-06-22,2022-09-05
01GSTF7P84JMAQV3Z49DZ7H32M,01GSTF7P8470ZDC3G0P7GFRFFN,01GSTF7P847PH5TZFS5WZKWYD7,2023-02-08,2022-05-01
01GSTF7P85Z5MBFPZWDCHEYE3A,01GSTF7P85Q9TZB6564FAYWWQJ,01GSTF7P85S3X8714K9R3QWZC7,2022-12-12,2022-10-04
01GSTF7P868AGDNN3A2XVXVHVF,01GSTF7P86ZY53BY3A5W5TFK0D,01GSTF7P866C2Z5ZHH2QRJEPGX,2022-01-25,2022-10-23
01GSTF7P87HH69K02MFGJCQBYE,01GSTF7P87FK2N25M5SF1PFT35,01GSTF7P87C2JBHCWER8VZKMJE,2022-07-05,2023-02-17
01GSTF7P880GAESB4FGNW99VP5,01GSTF7P88B8MMESMKBHG7V2CT,01GSTF7P88BGF3WFTS78NWP33T,2022-02-11,2022-04-04
01GSTF7P89GGVFN37Z10Y6T2VR,01GSTF7P89ACMERQSJV3QRPC71,01GSTF7P89Q0C77VKA0QR8Y37X,2022-06-24,2022-08-10
01GSTF7P8ABSPAK0SNZN1FVEA5,01GSTF7P8A6532852F1KD6EC4H,01GSTF7P8APDSHRA4D2P291SN9,2022-06-06,2022-10-24
01GSTF7P8BJJNG30X0EQ8FZF92,01GSTF7P8BMKBP13B8EYVYT8FG,01GSTF7P8BCKSCWYCZEWYK127T,2022-03-22,2022-08-14
01GSTF7P97FN64DS8D7R2ASZB7,01GSTF7P98VJSRWEJSVXT2P0X3,01GSTF7P98MVV6TZAQMBKKQFS9,2022-07-11,2022-11-15
01GSTF7P99FG8847J2RYV7AGQA,01GSTF7P99S2J9PZT1V22F66D4,01GSTF7P9AZ3FY1R1M7G0Y0XVC,2022-03-29,2022-12-27
01GSTF7P9BFFGGZPJ5BXFTKJHG,01GSTF7P9B13ZCXT80BVTEMW2A,01GSTF7P9CDZXN7F22KCJ45AVH,2022-05-08,2022-04-06
01GSTF7P9EAZB1996K2FNWVYZW,01GSTF7P9FDS0FRHQ1JPR3EGXF,01GSTF7P9FF0FJ8QXRADFQ24KS,2022-08-17,2022-11-03
01GSTF7P9HG628ZXNPH2DRFE3Q,01GSTF7P9H8WKWGRFR1FKWFVJC,01GSTF7P9HDGQEVN4TB2XC5DK0,2022-05-28,2022-01-09
01GSTF7P9KBN6V930HMQG7MK2W,01GSTF7P9K4CEBGJPHBHDVNB86,01GSTF7P9K5STD69FTPVGS0XBW,2022-07-27,2022-04-03
01GSTF7P9MYF4FKQSJJN7YB8Y0,01GSTF7P9MGT8P6WGJQKY0MR5Q,01GSTF7P9N9M3G5XJZRYYKWE06,2022-07-15,2022-01-17
01GSTF7P9NQWNC4AJMHYVBP7QP,01GSTF7P9NJN3A3HJXFPT5PGR0,01GSTF7P9PDDY4M5RHP25TK544,2022-06-10,2022-02-01
01GSTF7P9P7HR8VCNTS2CJEEBH,01GSTF7P9QXCJ65S6JB3JFGD9D,01GSTF7P9QVNARDW6A9TP7JQ4X,2022-01-08,2022-11-25
01GSTF7P9RWDKFYECZZAYHXDJB,01GSTF7P9RCDZY9H8W9PP8KZ7D,01GSTF7P9R69JMQK548B2CETFC,2022-04-02,2022-09-18
01GSTF7P9SZHP4MD63BJCF3KDV,01GSTF7P9S79MSDY34KJ58XN56,01GSTF7P9SZA4YZ3V6FHWCW8JE,2022-09-17,2022-08-01
01GSTF7P9THPZDP0S1ABCREGP7,01GSTF7P9V2MZ343RQS64R87XB,01GSTF7P9VKM6GDG049N8XFY73,2022-05-30,2022-06-13
01GSTF7P9WZC1981HB7HKXKZGY,01GSTF7P9WHS92N9AKK7C3PCXW,01GSTF7P9WVBH9718G6C8WS3KX,2022-03-30,2023-01-18
01GSTF7P9YV3XTKMHKR6K78GRK,01GSTF7P9YP4PPAC6FEW7ZQRVK,01GSTF7P9Y8PBCHX3VPMFC1MRY,2022-02-11,2023-01-02
01GSTF7P9ZTVCXF039GBX5A2ER,01GSTF7P9Z47YGH2R3ZTTPXFTK,01GSTF7P9Z28KCWB4VBKCHGBTW,2022-02-15,2022-02-19
01GSTF7PA0M78KV68DSCMMD2W1,01GSTF7PA0VR6KB0VECF3R8DZ0,01GSTF7PA1G2YN8ED2MFRTY00Q,2022-01-24,2022-03-25
01GSTF7PA194A8SMSWVD3GCG84,01GSTF7PA1GQSMGFYJTYGD6FX6,01GSTF7PA2FFBVE515YZD70VTD,2022-01-21,2022-01-03
01GSTF7PA29HTVAZNSQZFA1TS2,01GSTF7PA3E4DQ0DFCN1MBX8H4,01GSTF7PA31194GTSHRVEA03W8,2022-05-22,2023-01-29
01GSTF7PA4W8512TGS3K3X9QRC,01GSTF7PA4D7ASMZRY4XQ5BYQM,01GSTF7PA4TT2RYW1NG1YN2CS5,2022-04-18,2022-01-06
01GSTF7PA5BQ4W7E13DMQ71VCK,01GSTF7PA5M08XP6S51SD4TXGD,01GSTF7PA5ZNR21WAN4XGHCQEH,2022-01-26,2022-02-20
01GSTF7PA6F1BGZGZDCT5VVD0G,01GSTF7PA6BH8NGKXM0GZAJPG9,01GSTF7PA6K1TBNSZQ60RPB28D,2022-01-06,2022-04-24
01GSTF7PA7WFD467J473XT6AG7,01GSTF7PA7DAMDFJ2GEFFME2KY,01GSTF7PA761GYZ5AFKCR69XK1,2023-01-20,2022-03-19
01GSTF7PA8MJ78JFWB533315TF,01GSTF7PA8HZZWB66YGF8MZXG8,01GSTF7PA8BPRXFHCN1KFPQNXT,2022-02-13,2022-08-25
01GSTF7PA9Z7J8E61HHMJEPZMF,01GSTF7PA9CQVGS7BSTTQP1TVX,01GSTF7PA94QMK9DMNA893CMB0,2023-01-02,2022-12-29
01GSTF7PABTY3M9V9P4QNTAQ4S,01GSTF7PABXPV29B0CDWK32XV7,01GSTF7PACGBMXBQG28A24YY0J,2022-06-08,2022-11-30
01GSTF7PACC6CA09RY0WS9XY7F,01GSTF7PAD8H7B40WSAQKR2BP1,01GSTF7PADT60G56BD7YJ9Z440,2022-10-08,2023-01-06
01GSTF7PADQ829ZTMVEJB4S05A,01GSTF7PAENZAPHZQ5BG24GTF3,01GSTF7PAEZ467SCY513Q1C9B5,2022-08-28,2023-01-09
01GSTF7PAFF2VXD7QTH3WJ7S8A,01GSTF7PAFFRAW0E3Q9WPXXS5R,01GSTF7PAF193EX9A8CWDANABK,2022-10-09,2022-09-06
01GSTF7PAG4NJDWK075BBHQJAC,01GSTF7PAG75JDC2HKH1KSGVJG,01GSTF7PAGTV7ZW2BD1XFCCP95,2022-03-12,2022-07-30
01GSTF7PAHBK05X60D8N3FM4XC,01GSTF7PAHKXFXYHN87SJ9BEVK,01GSTF7PAJWFDF22E1RE0PSBE8,2022-08-19,2023-01-14
01GSTF7PAKA1F239ZKRG973J7M,01GSTF7PAKM6NP7SJDAEZ4A2NA,01GSTF7PAMJ9ST6RJB6SP71M94,2022-07-12,2022-09-20
01GSTF7PAME7JNE9H39GC4T7WV,01GSTF7PAN84EWDMJ96MRMC5XN,01GSTF7PAPJG61K1BQ2FYHED1X,2023-02-17,2022-09-16
01GSTF7PAP57YV9J7XC372S3RY,01GSTF7PAQNCY52QJ6RSV33490,01GSTF7PAQXQMRPD4EN1ZHYYG4,2022-08-14,2022-07-29
01GSTF7PARA4D368FGYGCCK6P7,01GSTF7PARPTZH3MXZGNX0BN9V,01GSTF7PAREWTY3C55BGC8TCGE,2023-02-11,2022-05-09
01GSTF7PAS7NJKVXBPP5NC50CG,01GSTF7PATB5KP01FNS5DKP3RK,01GSTF7PAT9NNQNEEJX1FN3TRZ,2022-09-03,2022-01-20
01GSTF7PAW3Z1HS1P5MMXK26RK,01GSTF7PAW84NZTYQ4Z78VMG5K,01GSTF7PAXAJPRYRGHHF90YS65,2022-06-26,2022-06-22
01GSTF7PAYGD1XGABFGBF363H0,01GSTF7PAYSCGQ4TNMMT6TQ4CW,01GSTF7PAZ7XTJ2QAVNBSPWF5P,2023-02-06,2023-02-04
01GSTF7PAZQ4E69X1M8YC5QXVC,01GSTF7PB04QZRC4N9Z7JNDTSF,01GSTF7PB18HSMG736XDF6K974,2022-11-30,2022-01-09
01GSTF7PB2QJK9434RAPTD82F5,01GSTF7PB2DBTEV7K414MWJRT4,01GSTF7PB3Z8JANEJ57996KS6H,2022-07-16,2022-05-27
01GSTF7PB4KZ8RK56J5M8W8YPK,01GSTF7PB5JCV70DYD5HJZJX7Z,01GSTF7PB5CVDT5BETKSPEAQBY,2022-07-29,2022-12-25
01GSTF7PB6TNR8RGH1TKFTX16T,01GSTF7PB7QYK6W42N319W2K2V,01GSTF7PB7A6XFT90GM3CS4P84,2022-03-26,2022-05-12
01GSTF7PB8NXA0JPZK5KTYYR28,01GSTF7PB96Z2MXD33N7ESQG88,01GSTF7PB92T978RV5JPASY7EG,2022-07-25,2022-06-12
01GSTF7PBBAZJ7J77SV28T9ED3,01GSTF7PBCKR0SVZJYR3K8843G,01GSTF7PBCP7FAV4MN7560GFW4,2022-07-28,2022-09-07
01GSTF7PBDZK7C0RTRXP0PN0S8,01GSTF7PBEQVZVH5PWECWY2T92,01GSTF7PBEWKCTXZQR647NHEZZ,2022-07-18,2022-12-18
01GSTF7PBFRV5MNKNP9RZB94HH,01GSTF7PBFWKJNJ1R9N3FA2A07,01GSTF7PBFCG75BTCXDJHZTKBZ,2022-07-21,2022-05-31
01GSTF7PBGH8P25FDVP69WZH3B,01GSTF7PBHA09SX1XY8Q0M02W8,01GSTF7PBHDDS316ST6SCX65WT,2022-01-15,2022-10-12
01GSTF7PBJ0NVT8HPARW0ZV0H7,01GSTF7PBJQM4HKXK0YXZ162PH,01GSTF7PBKERTZ8SCT288T6N23,2022-09-12,2022-03-21
01GSTF7PBKHP0NVB8C2FQ77XSD,01GSTF7PBM6MDW1907DV39Y4S5,01GSTF7PBNQNFND8SE3DQEB687,2022-03-05,2022-11-18
01GSTF7PBP8ATQSC0MZHVB47X4,01GSTF7PBP7RG19SJDT129WY12,01GSTF7PBQM82VMSGB12Z4ME69,2023-02-09,2022-06-10
01GSTF7PBRCX6RGCJ0XG35KD8C,01GSTF7PBR0FVYD81BJ9MH0SRC,01GSTF7PBSYTSVX1QRE41T4CGS,2023-01-13,2022-05-20
01GSTF7PBT7803D81MN0VWT654,01GSTF7PBV20JTZRYZ16CBMBSY,01GSTF7PBV772AAN82NC9A6F8W,2022-07-28,2023-01-06
01GSTF7PBXG3KAFZQV1ACYR93F,01GSTF7PBX3KMB19469H86YVX6,01GSTF7PBYTB7MFBEMVGZHBK57,2022-08-16,2022-09-14
01GSTF7PBZS0HDGWBTW85XSSP8,01GSTF7PBZ90P07DJR7GCCS6VB,01GSTF7PC0YPFAD9RZP7PZPJ8G,2022-03-06,2022-04-07
01GSTF7PC1QCFYV550QNMV9MRD,01GSTF7PC12V4FJQ3J11SQ4MMA,01GSTF7PC1GDDYNDNNGNCGPZ4V,2022-01-13,2022-12-21
01GSTF7PC2JVGQNXSYMERFTRP8,01GSTF7PC29V6WFQKM20NNEEDK,01GSTF7PC3X3DW6FCABGC1NSRD,2022-09-20,2022-05-19
01GSTF7PC3HSHVQ08NRBCS2C6P,01GSTF7PC4FP4BV8QJDZD1NFRK,01GSTF7PC4J6XN0VNS6JQ7QQP0,2022-07-13,2022-06-30
01GSTF7PC5H0XPXCRRH8FE4DNA,01GSTF7PC5RA0PZDBZ3T7F83CD,01GSTF7PC5VQ9WX8K9VED4NG45,2022-07-17,2022-08-09
01GSTF7PC86SRYXEJ15X1X3A5P,01GSTF7PC8KAM7WGJ2CPBPWXK9,01GSTF7PC9KFVH3J0968MGXFWJ,2022-07-29,2022-09-05
01GSTF7PCAS5HNJZSRG5QKFXR6,01GSTF7PCBQ93564QK8TJRJC4D,01GSTF7PCBFBJSFXSK807X648W,2022-08-30,2022-11-28
01GSTF7PCCR446436KR73YB50X,01GSTF7PCDE6RZCNVTSA5SNEEB,01GSTF7PCDQY90PJMGM3WF3PPV,2023-02-05,2022-12-11
01GSTF7PCEKKE01E6RZ54DR8PC,01GSTF7PCEE5D6DZD4B8992Q10,01GSTF7PCE73FW04THTQDDN7QH,2022-05-20,2022-06-15
01GSTF7PCGR4J0K3FAF6TV1PYC,01GSTF7PCG28PQ1AXZH79M6DT6,01GSTF7PCGDRZVHJP71W04F3RK,2022-02-27,2022-12-25
01GSTF7PCH69ACPT49S06SKRBD,01GSTF7PCHF4BBS8YZTTWSEW15,01GSTF7PCJK8AP3NTGM1YM67RY,2022-07-28,2023-01-12
01GSTF7PCK4DWX629QRQBXVR80,01GSTF7PCKTJ7PKB2J9K1D2TXH,01GSTF7PCM8V7GHN1FTVTX2CVQ,2022-06-01,2022-02-04
01GSTF7PCM65R1Y8R7TVSGD04T,01GSTF7PCNHTSP49VR9RY52Y4T,01GSTF7PCNJS1EW6F2X9Q061GB,2022-07-05,2022-07-21
01GSTF7PCPZMMZ5G628PFMASJH,01GSTF7PCPWW0HPQTRWDRFZ8TX,01GSTF7PCQYDGEH6PP69WA9JND,2023-01-24,2022-09-13
01GSTF7PCRZQKJM555ZR9FYTZK,01GSTF7PCR0ZKAVF2BR4ERWXR3,01GSTF7PCR2EP5EHJ4916S6Q5B,2022-09-19,2022-11-05
01GSTF7PCV6FBQMHTTV8CPHZ7Q,01GSTF7PCVRBTTNN8K88AJ5S90,01GSTF7PCV1KXWA9ES9R00QQAW,2022-10-11,2023-01-07
01GSTF7PCWXBHR9ZD0CP2B4954,01GSTF7PCW55157EVVK043AFC5,01GSTF7PCXWFB7948GTKF3RRJ5,2022-10-25,2022-12-13
01GSTF7PCYAV6F1C2XAVSSH2R7,01GSTF7PCYS6JTW61XMFG648MD,01GSTF7PCZJ0JJXZ6C0CRP6303,2022-10-23,2022-09-26
01GSTF7PD0VFGHNRN7TF2YTKB5,01GSTF7PD16PYQWTW2BF1Y2DQ0,01GSTF7PD1QXJRPEKR6JF5EMDM,2022-02-23,2022-08-22
01GSTF7PD2PSZ8NMZ3WV807TMF,01GSTF7PD36AV57WCDR6GC8G0S,01GSTF7PD3QFHNN4P81HX5M3QN,2023-01-09,2022-12-27
01GSTF7PD4F5FY17T3E06YCNMG,01GSTF7PD5M9CGAPC44NSKTJXA,01GSTF7PD526D73QJJ6CGTS18V,2022-04-20,2022-10-21
01GSTF7PD60BDYVZ4H9K2GM3C0,01GSTF7PD6RGP2W6DGYXYFCJRC,01GSTF7PD66AFB8V2KCBC8AFWR,2022-01-11,2023-01-03
01GSTF7PD82NEJJ1SCD1F0MPEA,01GSTF7PD8F4CPSS9SRCPC6HXQ,01GSTF7PD9X55V5MPA2FWT8TJG,2022-07-06,2022-01-18
01GSTF7PDAF52PWGQKCF333J69,01GSTF7PDB72XGRNF822ZT65AK,01GSTF7PDBRQWXD3VNZ6D5C24G,2022-12-20,2022-03-08
01GSTF7PDC7CVNFQVNN4Z0BHDB,01GSTF7PDD828KJ61S9FR1X7X3,01GSTF7PDD27735KMH0TSXTE7N,2022-12-03,2022-03-07
01GSTF7PDE1CN5VCXZS0JMDVNQ,01GSTF7PDEQ99N8Z7KFPTAKNVW,01GSTF7PDEDSPC2K5JXZ725D3F,2022-09-03,2022-07-08
01GSTF7PDFFCYBZ2SB6WZHVZET,01GSTF7PDG5K0BQYXT33J86SCT,01GSTF7PDGA9Q8JA1V75CGHY4R,2022-08-28,2022-08-15
01GSTF7PDH7G02Q873G5GZDTF4,01GSTF7PDH16VBDQQ4V82XSP62,01GSTF7PDJF5X758GD7FEBN6AR,2022-06-20,2022-08-14
01GSTF7PDK3RNBRHGKXV93PVDE,01GSTF7PDK9G7JSNB0GXMAGQGG,01GSTF7PDMW0GKHVPPC5R102VJ,2022-12-30,2023-02-19
01GSTF7PDN1DCDZE5F4089KC5V,01GSTF7PDNCX4FEMS9G3M73NYP,01GSTF7PDPRAVTPQ4B1TBN2Y7Z,2022-12-06,2022-09-01
01GSTF7PDQ2C095Z6EBSYBDVY4,01GSTF7PDQH8SW6HDC05SVD3E1,01GSTF7PDQBB1VVC985MB85CRD,2022-01-12,2022-02-28
01GSTF7PDR4ETFW45AY6Q968W5,01GSTF7PDR6KDZMQ0S839NBQEK,01GSTF7PDS1EGJTV7XS1W9Y7ZD,2022-08-04,2023-01-16
01GSTF7PDTWVXB4JWVX0A76AVK,01GSTF7PDTFJMGQAB0AT04QH6K,01GSTF7PDTGSRME10P6H0P47BS,2022-12-20,2022-12-27
01GSTF7PDVV22NVKMH9YP113DG,01GSTF7PDVMPDXYJV202XBG4DJ,01GSTF7PDWC7PEPQZ1RSETCZRB,2022-03-21,2022-06-21
01GSTF7PDXZJ1AM93ETFAYNQ21,01GSTF7PDX7640H7XWFCFGG9A3,01GSTF7PDYG3TC8CE2Z8KDJ9S0,2022-04-08,2023-01-09
01GSTF7PDY7RN1G9000MZ2ZE7P,01GSTF7PDZDJD6RTCCQCRFJYSH,01GSTF7PE0NVC8BEP6M8RS1T1Z,2022-09-09,2022-08-05
01GSTF7PE1C6D6YEZVGCGC1J8H,01GSTF7PE1RQY9JXJY1HDB6S1D,01GSTF7PE1EJRVZEVGG0QYS7V2,2022-03-05,2022-11-22
01GSTF7PE3769EE1X4AXM1BYP0,01GSTF7PE3YEQ0VXVP0AA8B00C,01GSTF7PE3382RTN15Q0R9YHVQ,2022-03-06,2022-09-12
