payment_id,date,user_id,detail_id
01GSTE8M31C4953GCK3W6PTSZF,2022-12-11,01GSTE8M321M32FSS604XK29A8,01GSTE8M33RRSE2M35RQH4HER5
01GSTE8M33G8WQRHEEXAYDQWDC,2022-09-24,01GSTE8M34PTBNREV6HV6SP3NT,01GSTE8M35N8ZGMSK3BRSXF4MQ
01GSTE8M35BFS7VVRMGHTRSY7Q,2022-09-10,01GSTE8M375KJR66G10998VS08,01GSTE8M37C1F217N0AXXKF51J
01GSTE8M384GB2V3Z95B5656HD,2023-01-21,01GSTE8M39GBD817Z1FNW25S33,01GSTE8M39QKV704S58KA2HDNA
01GSTE8M3AG21J88Y007BMH72N,2022-07-04,01GSTE8M3B2AZKV62BYTMNTKTJ,01GSTE8M3CT3XNVD56TGVAX63R
01GSTE8M3CHB473NADBY24T1R4,2022-08-16,01GSTE8M3D7EEFCGVJZ3SF2SXM,01GSTE8M3EMP2CFKWZEV0VXQJ7
01GSTE8M3EC6X2BB1MRQF2QS8Z,2023-01-25,01GSTE8M3F9BXRR8R9AJ6RAEX2,01GSTE8M3GGZD82VJCWM9JY8GQ
01GSTE8M3GTCK9CPEK24JSV0AR,2022-12-22,01GSTE8M3H843D3PAB50MAH936,01GSTE8M3JG9GY8ESQ3XBB231W
01GSTE8M3JMG391WDJAYMD74C5,2022-08-27,01GSTE8M3KHZ1E9GYY116ZDVMG,01GSTE8M3M91VC5MNST6HMKG3N
01GSTE8M3MB3MC4D9JSGD58RDN,2022-02-22,01GSTE8M3NDEWJEQ8HNQ7NP1MM,01GSTE8M3N7SAAXCBB58YV395J
01GSTE8M3P2F153AEW9B1JWYZ4,2022-07-08,01GSTE8M3PZHA85JB4Z2NKMSX4,01GSTE8M3Q7ETRWWPK14PAARX2
01GSTE8M3QY3C873N4X9GF5WFW,2022-11-19,01GSTE8M3RHRBR6YZW3RY8XWE8,01GSTE8M3S0E9C6RH803V19F8Q
01GSTE8M3S79KG4W9Q1HNH1CXJ,2022-02-11,01GSTE8M3T2TSJZ1YHK5JD1NXF,01GSTE8M3TH0ZH7Z2XDY7TCWHA
01GSTE8M3TY9WPV1D0D7A5BYF9,2022-09-08,01GSTE8M3T0Y0MZJNE08WHDF90,01GSTE8M3VFD5PV36YFPW3XCV3
01GSTE8M3VZHZ7899JC1PZ643N,2022-09-13,01GSTE8M3WAB9BYWSRZJM7X3AE,01GSTE8M3X2H166A94ZZGEYQDK
01GSTE8M3X4TWW0049MQWE4FMY,2022-03-19,01GSTE8M3YMGB3Z3W74BPPA458,01GSTE8M3Y0BEVQPM8JRXSB56W
01GSTE8M3YYP4TV17VNWNKC0K1,2022-08-15,01GSTE8M3ZFM71WJNVJTSZZHM5,01GSTE8M3Z42VY47P1D0M9ZDKC
01GSTE8M3ZCRQJG8YK9XXRTCFJ,2022-06-02,01GSTE8M40R854MCQDD9RDS2P3,01GSTE8M40382S8F74NNMHW4AK
01GSTE8M40EZCGSFAKVQVND6N2,2022-05-05,01GSTE8M411H1FAB9XRVBEW826,01GSTE8M410ZPHDQ7FCGR4QAV7
01GSTE8M41CWEE4NKPHPDKDNWJ,2022-06-22,01GSTE8M41F7GWZM0XPABSY9D0,01GSTE8M42NWF3XY2XMPHVDKDG
01GSTE8M4245QK2R7CZSF8QXW4,2023-01-08,01GSTE8M42WFXRXJZZGEHQKM9X,01GSTE8M43NCWHJ0EZCE92M6QD
01GSTE8M437053XQP7R5V87FSM,2022-03-03,01GSTE8M4304HN6H4E7NVC4E6N,01GSTE8M43676QCB7ZPF20G69D
01GSTE8M44MP3MJ6RQWJB3XYT4,2023-01-24,01GSTE8M44F87PGX1EMFTHAZ9X,01GSTE8M44TSP0N9GQQDEJAVTE
01GSTE8M44MYE1NBK57JNPGPF4,2022-11-29,01GSTE8M45GS24DNW3F34J87BT,01GSTE8M45719T885T7NC2QGA8
01GSTE8M45QYSEPA9GFF9ABBS9,2023-01-30,01GSTE8M46Y96EN4FE6X74DZ8T,01GSTE8M465DR2DVE26ASPA86A
01GSTE8M46P2R2CMWBYZJSDK9P,2022-05-23,01GSTE8M47MS8R8WKGHCX91171,01GSTE8M47TM6DAN11V61AJ25H
01GSTE8M48H1Q9WSSP35Q1R5P4,2023-02-14,01GSTE8M487XQTEN805YR545XW,01GSTE8M49GC4W9WKAHQGEF4WK
01GSTE8M495426QTN3EF76ZKHA,2022-04-08,01GSTE8M4AGPDEH8QGXRT2AMGK,01GSTE8M4BF1ZS6QKPZMSG0QYC
01GSTE8M4BDFTZHY6V4MWVVCT5,2022-01-17,01GSTE8M4CZVJ3E151BCNZCY5V,01GSTE8M4CA9RPSGQK4GB1FP6P
01GSTE8M4DESJ890CHDXQ3R277,2022-02-08,01GSTE8M4DDFZY2F5V9T3JYBV9,01GSTE8M4DA4C74AY8S34GY84T
01GSTE8M4E2N853FW9639DDQ43,2022-06-12,01GSTE8M4EJDJ319V4STPGWYQ7,01GSTE8M4E2XJENEN5AESNWMVV
01GSTE8M4FCE2BP0M5TGP5T8TR,2022-09-26,01GSTE8M4GRD10RCSZG8029X35,01GSTE8M4GMZNK1TBYW437BZR7
01GSTE8M4GGC757KSANMYKHMC0,2023-01-21,01GSTE8M4HPRSA4ZMN1EYDCSHF,01GSTE8M4JP1M8X1GAME63R48N
01GSTE8M4JDT8SDAX1RE2VRSNE,2022-03-06,01GSTE8M4KG04EK5QMR7ZR1025,01GSTE8M4MW3HWKY24X9MXCK59
01GSTE8M4MZASP9321CHYHQD8J,2022-05-28,01GSTE8M4N2TV16EKQT577SAW6,01GSTE8M4N3VMJEN0T7K397939
01GSTE8M4PW9E9R3NJTWT2ZA7F,2022-06-07,01GSTE8M4P8MPNKWDM64F98W6M,01GSTE8M4PCNQRAXW9VE285NQ4
01GSTE8M4QZK0WZ4B8VB2FD84D,2023-01-06,01GSTE8M4QF6VBE08Z57TNKE21,01GSTE8M4QWZJ0HTC62ZZXEJ63
01GSTE8M4QMYACNBA71JS8R238,2022-08-11,01GSTE8M4R33AVY69YN2TDM4E6,01GSTE8M4RD43H7NA4FEJ9R3XP
01GSTE8M4RBJG6AFWT17H56XP8,2022-09-19,01GSTE8M4SKADVR2PS482J8W52,01GSTE8M4S3ES0J1D57YERQ02W
01GSTE8M4TD62S55BJQ21NA9JS,2022-07-05,01GSTE8M4VSXZXSSZ44WS234W1,01GSTE8M4VWX8CW5ZNXVR9N0TP
01GSTE8M4W7K8CHQP42AVN0KB7,2022-01-06,01GSTE8M4XWBDDMNSG35J3W3XQ,01GSTE8M4X2JT8ST8XE35B17NQ
01GSTE8M4Y3V67DQYFE5JHRQHC,2022-06-16,01GSTE8M4ZAKP3BKW6W2PSSPYK,01GSTE8M4ZFJ4R47S3ZCZVGJGW
01GSTE8M50QPM7AS4GEFE9C3EH,2022-04-13,01GSTE8M50T9Q39HRW65DS1PCM,01GSTE8M51GRZH4M84WFC6CYVW
01GSTE8M51QBZPHTKAG9NBPV3V,2022-03-08,01GSTE8M518EFSJGFC4GCNJZ20,01GSTE8M523A1F87XQ6VBR9WJF
01GSTE8M52PBMM043W0TT9G7GJ,2022-09-26,01GSTE8M53C9SJ2P4GFZR52Q0G,01GSTE8M53QJX2711V359BBE1J
01GSTE8M54TM50JE19GPMFGJA7,2022-01-03,01GSTE8M5484MF5ZKC7W6X3DBP,01GSTE8M55AP2RSVHJVMH41QJR
01GSTE8M556T5PWR3NYDBEMT3A,2022-07-16,01GSTE8M56J7QM8BCGSWA97J4T,01GSTE8M566RTVABYF0SAB0VFJ
01GSTE8M56HMYQVGAV2BXCSFJH,2022-10-03,01GSTE8M574VSD6J9MH3CBZ37Z,01GSTE8M58VBK76MCBRAPXM9NK
01GSTE8M583MP1WC1MAQ7AYT6G,2022-03-18,01GSTE8M59QG88SED7P6NHAZBA,01GSTE8M5A86480EN07KW0CX0T
01GSTE8M5A8Y4ZAZXMFKVDHC8M,2022-05-11,01GSTE8M5B17V288YGE0KP3PJA,01GSTE8MD52SAZP7PENXCVDPN0
01GSTE8MDCHANMB8FRET24H0WH,2022-08-13,01GSTE8MDJZJ17WXFAJAY5E1B0,01GSTE8MDPSJXHV6PQ8HMH249P
01GSTE8MDVMXSX77130HK7D2TH,2022-10-28,01GSTE8ME2E9JWKWNP4WXZJ0CG,01GSTE8ME54F6XWH0ESM39J87W
01GSTE8MEAGN87FQSZHQD2BJPR,2022-09-01,01GSTE8MEHZC64ARYPWVW4YHQ2,01GSTE8MEM4RSRGMZ42QS7Q543
01GSTE8MET82DAT6GV2A8A7YMA,2022-02-10,01GSTE8MF3JKDSSDW111WV30AK,01GSTE8MF4QWDCH6TNX8K13KG0
01GSTE8MF48C5M3WQBCBEAE0CG,2022-08-13,01GSTE8MF63DHRXHNGKMXF4TKX,01GSTE8MF646GE8NSP46107WVM
01GSTE8MF7Z1D31X2JS4RKN10C,2022-05-26,01GSTE8MF9FE6AAWSXB4SGQ88X,01GSTE8MF95R5G7PY6XF8H95Z6
01GSTE8MFA1TEVZM52D32PHHBG,2022-07-24,01GSTE8MFB3CQ91HKTWGB3ME8M,01GSTE8MFCFZS304SC05Z6C00W
01GSTE8MFD7C3SXB9NQ7DHME77,2022-11-03,01GSTE8MFE5GWZCPP3YX5TP74H,01GSTE8MFF3C49Z08S9X4MB0Y2
01GSTE8MFFW69MN0YZ6DEFDYXY,2022-11-11,01GSTE8MFHVQCA4KT9DNAK5PF5,01GSTE8MFHMHGDQNEMRDW1AHPD
01GSTE8MFJM81R5CQ9DGV7R9KY,2022-05-21,01GSTE8MFKRBXZA0XBWYXDZXYF,01GSTE8MFMZ31P03QQ4ENZR0QJ
01GSTE8MFNP6W12ABQPVDF4GEM,2022-11-02,01GSTE8MFPMJGXXH253JEMQJXZ,01GSTE8MFPV45HTC0ZTQMXVP6Q
01GSTE8MFQF6ZNVWK10PFYMJ7P,2022-05-14,01GSTE8MFRVKWKHKNCJ48WKN3Y,01GSTE8MFS6M3C7G6BD0ZBAV48
01GSTE8MFTMTVE36NE8697QD4X,2022-07-10,01GSTE8MFV8H2TV1WGZW00NB2M,01GSTE8MFV4BR1RS6VGT9RT1R7
01GSTE8MFW8BV52148ZBGH69V2,2022-06-15,01GSTE8MFX17FKSK9YKFST94FF,01GSTE8MFY90K1CE89XMA1R7YG
01GSTE8MFZ7P4EXGKJQYFDMCJ6,2022-03-11,01GSTE8MG0H03Q9K9MSB1A6SR5,01GSTE8MG0T52W6NMZFCAB4H0X
01GSTE8MG1BYJ45FMG7HFTBHQ4,2022-06-14,01GSTE8MG2HV0N62P25B90BB7X,01GSTE8MG3J58MYC5JZ1MXKS98
01GSTE8MG3CHWWZR8ZR8T0P7YB,2022-11-29,01GSTE8MG598GEDGZ2VQPAF1SM,01GSTE8MG5KFXQVQTV4A9JBSDS
01GSTE8MG6WXS4AKFFRAE9P4S4,2022-11-26,01GSTE8MG7P05QVVNA8JNAN8EX,01GSTE8MG7GR289HY41CJKXXBR
01GSTE8MG8ZXGEM4KYC9ACMCFP,2023-02-07,01GSTE8MG9K4Y2DYM6S5PM7RXK,01GSTE8MG9DWAY6KFZST30AGNH
01GSTE8MGA4ECRQHH12ATDFAJC,2022-04-11,01GSTE8MGBW6GHX28BFVTX7RBY,01GSTE8MGBR9FXFCQ7CHDFFP0T
01GSTE8MGCAFB0QDJ4GHTKG692,2022-06-26,01GSTE8MGD4PJ4KTCSSPSN2HGW,01GSTE8MGD3JN8PN3V5JZ7E99K
01GSTE8MGEK5AE6HAAH61DPTB8,2022-03-13,01GSTE8MGEDADCX23ZY9HT6A6P,01GSTE8MGF77AAX7CK15ARXGTW
01GSTE8MGG54HGYJTJ5575B7PN,2022-09-03,01GSTE8MGG6MBE8QRD55GKRGCQ,01GSTE8MGHFW0B9V6SVAJKW7G0
01GSTE8MGHF0WEZFKZG0M8CE7V,2023-01-03,01GSTE8MGJ2QZ7VX6QG965T0M3,01GSTE8MGKD6F6G89QFYX6KRFC
01GSTE8MGK5F9FPFQXA4GTVT2E,2022-06-19,01GSTE8MGME0X8ZVFMMQBMA2P9,01GSTE8MGN8WBZHJ97KMEWR9S8
01GSTE8MGNSJNY2N3XT137XYFX,2022-03-01,01GSTE8MGPS20VZYQDK3690DFR,01GSTE8MGQY49VDQZ6VA9GRGPP
01GSTE8MGQ5Y5FPY9T3T0VT0W6,2023-01-30,01GSTE8MGRX8HNC9P4464V6YDA,01GSTE8MGS8RB25YGQEQ8EM9DG
01GSTE8MGSA1B52930B9XQ27DE,2022-07-01,01GSTE8MGTS6HKWE3Q6TNZY1MW,01GSTE8MGVZ73HWDH1DP0GHJHJ
01GSTE8MGVJ7EZ5SQDGJE6HJ74,2022-07-06,01GSTE8MGWKRT2ZEPNXEKF97N5,01GSTE8MGX79CNH5EVPSV7CDKP
01GSTE8MGX90NDME7W0VJHBN0V,2022-11-08,01GSTE8MGY3G208C25M8GFDDKY,01GSTE8MGYHDXTG00912AKJSVZ
01GSTE8MGZQ18MQ94RDSMV3K35,2022-03-24,01GSTE8MH0ZHNJCV4JBN4XE8JV,01GSTE8MH0A28DAN1BBSY8ST8S
01GSTE8MH10NWJ0NVCDV31NPS5,2022-12-17,01GSTE8MH2G7VEP8PXJMR0RQTN,01GSTE8MH22G9MQ0X7THAWWRDJ
01GSTE8MH3G196DD9YHE7DQ3AN,2022-08-24,01GSTE8MH4NJY3QH3TPH2WERX1,01GSTE8MH4PH4YWYADQWE8KX1S
01GSTE8MH4GSPACV14VXVZAM6M,2022-05-18,01GSTE8MH5YWCCSX7227PZB3YS,01GSTE8MH6FKQ91PHJW455ZGZZ
01GSTE8MH6DP4N7SJNFCY5VJK3,2022-07-22,01GSTE8MH7PZ5JTWYSVKVFW98F,01GSTE8MH8F616XZ6CR382P5CQ
01GSTE8MH8KJPSV470HD9MJBRD,2022-02-22,01GSTE8MH9ZHQJXFBCK106PF68,01GSTE8MHAZ3WTQY2XNH53Z2CE
01GSTE8MHAJHFTACT6QXPNBXG3,2022-10-25,01GSTE8MHBMGXGXHNV61W26RZE,01GSTE8MHCMP14HHNV68X3V5S9
01GSTE8MHCNZ9MXX2HT5FBY6JY,2022-06-10,01GSTE8MHDZBWRRSHCBKJ6XQZM,01GSTE8MHDF0DK72BZHKAS4FDF
01GSTE8MHEEW75RVK179161ZVE,2022-07-15,01GSTE8MHFYBNMMQX8H7KR4647,01GSTE8MHFNC308XDJ323NR75Q
01GSTE8MHG6Z3J4ZFY6ZGVJHJK,2022-12-01,01GSTE8MHHEDQQRP7WC7AY1B0R,01GSTE8MHHR8HTV4Z8DV94QTQ8
01GSTE8MHJT54FMN7S9DJNY3F7,2022-05-12,01GSTE8MHK32WPN3NGMVY7WFT2,01GSTE8MHK6JQ5KR0RAQ6ZD6R5
01GSTE8MHMEAAMG9R43XT5S5MJ,2022-01-07,01GSTE8MHNV49Q037G4QV4BWK3,01GSTE8MHNBECVGZEAMYVV61WQ
01GSTE8MHNQBWTYFS2WWQ85991,2022-10-31,01GSTE8MHPGP3VBDNWGQW9BGHR,01GSTE8MHQ31KHFAN1TB78NK9B
01GSTE8MHQJWJRCVXV695PMM1Z,2023-01-17,01GSTE8MHRSZRVC8ZR2XZV6476,01GSTE8MHSCG0KQ0CW5JMB1MYJ
01GSTE8MHSD8HNKHQA25GGBWWV,2022-02-12,01GSTE8MHTA1RMNFRRZVNDJ0QG,01GSTE8MHTYS1NCJHF66FWSXR7
01GSTE8MHV7BDSBJG28E9XGTR6,2022-06-04,01GSTE8MHWP16RHWKRSM19JGFA,01GSTE8MHWEFRRFT05657CMC8H
01GSTE8MHXX7TA1JFFTFMEN0EC,2022-04-22,01GSTE8MHYN6YJ75HWJAB0TDT8,01GSTE8MHYCFB6HM4FR00NXZA8
01GSTE8MHZ8SK7Q6J5YW22JVH9,2023-01-23,01GSTE8MJ0HXAB07G4BYMQG8R6,01GSTE8MJ0H63VPP1FFX4D3WSR
01GSTE8MJ19WQ7Z80WYDSJTEAG,2022-08-31,01GSTE8MJ1A95CA8J0BVX9QGB0,01GSTE8MJ20FZWQDAQK45JC4VT
01GSTE8MJ2S4YT0N54NDTCKBVB,2022-03-09,01GSTE8MJ3G1VQVHGDV93V3PKZ,01GSTE8MJ4AMQ6TXC6F6DF08X0
01GSTE8MJ4E7XWSSB503FDRW9C,2023-02-07,01GSTE8MJ5BFFZEXK41CY0KRKH,01GSTE8MJ6EF1YKJSEZ0RNM18K
01GSTE8MJ6R9RXX64AJN6SF041,2022-01-17,01GSTE8MJ7WGW679AE205DBGND,01GSTE8MJ8EHZ1S37DD17K7JSJ
01GSTE8MJ8APRVF1VGJEZKQK6B,2023-01-03,01GSTE8MJ97K7CKXSN1C3RV90C,01GSTE8MJ9FZDS7QGBK4MAJBF3
01GSTE8MJA7MVARBE5YAX2AFMP,2022-11-13,01GSTE8MJBR1GQWCX2RZ4WPQ1Z,01GSTE8MJCSDXKQYG4TY74CF21
01GSTE8MJCJ504SCT35PWZFR61,2022-08-20,01GSTE8MJDST64SS20JZKPF6MG,01GSTE8MJDS7RR3H9X9RXR0EH3
01GSTE8MJEEF1Y1YDZNA6X9V5H,2022-07-18,01GSTE8MJFGWK9P4TVK468AB1V,01GSTE8MJFKD0TTD7FNB57796D
01GSTE8MJG6814RBYGY70AEXB9,2022-10-07,01GSTE8MJHXX6DHE3EG6FJBSX2,01GSTE8MJHKC9QQK0C62BKYFYS
01GSTE8MJJGE53TMCEN980RRJV,2022-04-06,01GSTE8MJK6WM7QWNPSAYFTRST,01GSTE8MJKZQKNW79W14Y0FSV3
01GSTE8MJMWS5WFDT3X02WNM2X,2022-06-04,01GSTE8MJMX27WECNQ7FPZ7CVZ,01GSTE8MJN728SXNDBY018H9AV
01GSTE8MJNK90QWK80G12FJ31H,2022-03-02,01GSTE8MJP7XJ3GEW5DK8MRCPA,01GSTE8MJQEB5MGYM4J6BMR4SG
01GSTE8MJQFX7Q60XKX4PCWYTW,2022-03-28,01GSTE8MJRZDG7GCT06ZVHSJDB,01GSTE8MJSZGXC04BM7Q21CS8G
01GSTE8MJSJDE5KSAAAMWJNKNW,2022-10-27,01GSTE8MJTP92SDVWM9919CE12,01GSTE8MJVW1Z6EGKAJZSVQ975
01GSTE8MJV2T63Z3KVEHRF6BFB,2022-06-26,01GSTE8MJWTX76M9NSKJRD9E1R,01GSTE8MJWFCD4B558MBQDYEBH
01GSTE8MJXZV12F0Z3238WE2WB,2022-10-26,01GSTE8MJYA03Y52WQVYFJR4C2,01GSTE8MJYJHFEDYHM9DEQV22R
01GSTE8MJZX70HA9WM1JJ1P1PM,2022-08-20,01GSTE8MK0HJSVKZE0FVTAQBNK,01GSTE8MK0XAE31MMVFF3HZZAW
01GSTE8MK1JVKJDTGXGFYCFADH,2022-05-25,01GSTE8MK2G5QNFFA8XVS0EATT,01GSTE8MK2MJJG0624G9X3SP3Y
01GSTE8MK337DZF3J76QZ78742,2022-09-03,01GSTE8MK3Q8K9VXKXC6RM9QPX,01GSTE8MK4Z4VSK0F1XB9Q79QD
01GSTE8MK4T4EBMZWF2YX5XX2B,2022-11-09,01GSTE8MK53TTF49KEVH88RAB6,01GSTE8MK6F1C6SEPB4563DTGV
01GSTE8MK6TJ4FB74J2X7YRR9M,2022-01-08,01GSTE8MK7W2QTMWTDC89GTYJY,01GSTE8MK7EV9GFMCD78RWMCPF
01GSTE8MK83CTQBXMAHAMBM0VZ,2022-08-31,01GSTE8MK9YMRNV0CEQYS7GBA0,01GSTE8MK9BHG3P3EK0EM01XS7
01GSTE8MKAWJHZHRK9FGW4PK1K,2022-10-20,01GSTE8MKBR84N5TKRYF5R1XHR,01GSTE8MKBDRT5ZKC0WBGHCBQX
01GSTE8MKB6C970C1YC6FZ6M8E,2022-11-22,01GSTE8MKCVYCPR9W9WG86WXGM,01GSTE8MKDWJMKEY68NCD51NAF
01GSTE8MKDVXXRPMNCE4BB6TM9,2022-09-16,01GSTE8MKE67K8K43JZ5R768TS,01GSTE8MKF10D3E7HBNEV37Q36
01GSTE8MKF1DDT0FSJEWEQF94J,2022-09-18,01GSTE8MKGBZEX10EQ0P2XB6VX,01GSTE8MKG2NC8WGRK40C531AA
01GSTE8MKHHW02XPN04V0REP6M,2022-07-02,01GSTE8MKJQRH6RJVDQZV1ZVPA,01GSTE8MKJGQQ0FQT5APJQ5YVK
01GSTE8MKKXEDN2WS63DZXGY29,2022-05-09,01GSTE8MKKDX2VH8Y2TASHCTZH,01GSTE8MKM6AV072VSAAG4N5FQ
01GSTE8MKMDTPD5GBVQ6C7TGAZ,2022-05-11,01GSTE8MKN7HNK7BMV1VY2TQ51,01GSTE8MKPJM1SBBMDQWJJYC9E
01GSTE8MKPZNX4XZDSMF2J6YT4,2022-04-01,01GSTE8MKQ4X2F0YDWBJ8DBVE5,01GSTE8MKQ95XE86V1HSCMCN0N
01GSTE8MKRPF13WAH9E7XZ5CE4,2022-06-17,01GSTE8MKS2D4PSR1Q08N16A55,01GSTE8MKS5Z0SP9S2X5T3TWSV
01GSTE8MKT36QJS8RRVYY3TS4D,2022-03-02,01GSTE8MKTH88GR5PHWTJ7WJ00,01GSTE8MKVQHESYE5RF0870RGN
01GSTE8MKV5VZSB5J84XYBR08A,2022-01-13,01GSTE8MKWND5GC57FJ02E988T,01GSTE8MKX8ZKMV6M5GH2CP9JB
01GSTE8MKXWA4YCH2QDCXY7S5H,2022-03-11,01GSTE8MKY7W5CXQTS8T86NVGH,01GSTE8MKZM952NZTBFMTKTMHB
01GSTE8MKZHFAQ02Y1SW85WXQV,2022-07-23,01GSTE8MM0RBN4XHRA8WFD1XZ2,01GSTE8MM0866Q9ZA87P688EEV
01GSTE8MM1N6E3TFREMV14MPX4,2022-08-16,01GSTE8MM2PJD895XVAZFFQYBR,01GSTE8MM2J0YJ9C3FVC9B6QSR
01GSTE8MM3WN5V1QTFZ4ED8KV8,2022-11-20,01GSTE8MM4MYR9F6PQJ1RZBZ8Z,01GSTE8MM4ZWJYYTSV9JCWTHVY
01GSTE8MM4VS544TZHD65BEKN9,2022-09-02,01GSTE8MM5HTCWJKP9TH775PGC,01GSTE8MM6JCSM9C53HADEB0T9
01GSTE8MM6GA7BMMFJ017D4H51,2022-11-30,01GSTE8MM79GM7RCDV4XTQPFAX,01GSTE8MM8ANB36MVSDDCV2DS0
01GSTE8MM8NS6WCEAEN4VYK9E3,2022-08-20,01GSTE8MM9AW8Q5CNA7W4W9T03,01GSTE8MM93K2BBTCHP4BFD6TM
01GSTE8MMANSTJBPJ13TNPBQ5Z,2022-06-17,01GSTE8MMBEZEESK9ZVFR40EBJ,01GSTE8MMBK2QX2BGSJ9W9TAXN
01GSTE8MMCRHA12T0Y2W1Q408Z,2023-01-19,01GSTE8MMD05G2MHTVHJZQJ9QJ,01GSTE8MMDDH491NJZC2V6CVNP
01GSTE8MMENZT60M5PA3XFX1WX,2022-02-13,01GSTE8MME6BHZVH79G0PB49Y6,01GSTE8MMFG2MQ31E4P8RYG5H7
01GSTE8MMFK5JCT9PJYQTJ576Z,2022-11-06,01GSTE8MMGE7S39EB80NG1WH2Z,01GSTE8MMHS2A5ZV1EMPDN6E30
01GSTE8MMH92WBC81WYHASE7P2,2022-11-26,01GSTE8MMJV0MATAGH0S94C8E5,01GSTE8MMKNG4910PQVSD3Y134
01GSTE8MMKR2GR9EGTG6B1KR08,2023-01-29,01GSTE8MMMJG389196Z59P983Q,01GSTE8MMMYQG6KY9S9X1GZJ20
01GSTE8MMN7QEX0CGV6A3E78XV,2022-12-10,01GSTE8MMPB70Y6NZ9BVDVM7AC,01GSTE8MMPFX4TNTXWCXS1SCK9
01GSTE8MMQM3V5VM45ZTYWASM5,2022-08-07,01GSTE8MMR039VA0551EK0DV5K,01GSTE8MMRRBM1BT9VFSK2SV73
01GSTE8MMR0E2DT210TEPQZ4PY,2023-01-07,01GSTE8MMS0XANJYXD8YB7RTJP,01GSTE8MMT94YQE5NYPB4NC4DH
01GSTE8MMTCF88099J2X0G54HV,2022-07-20,01GSTE8MMVF4WYFH6G5E59BD65,01GSTE8MMWGGAG5C5QSB5EEYFS
01GSTE8MMWAAKSN6QQ2QEJ1M8V,2022-10-04,01GSTE8MMXCHFMH89ZJCYSBJK1,01GSTE8MMXV62R0PXWQMKQX6YP
01GSTE8MMY6EGSAXN27YAHCRF7,2022-05-19,01GSTE8MMZP41KTC4HZYWEFPME,01GSTE8MMZ91CFQ4F5STKJ3F3Q
01GSTE8MN0ATJP9WB875HCARZK,2022-10-20,01GSTE8MN0GZ8TPNB207WPHXNJ,01GSTE8MN1EW2CK85MXAB5846M
01GSTE8MN1C6QXSRV294Q86K8G,2022-07-11,01GSTE8MN2CZ9ZKSAFGEAA2Y84,01GSTE8MN3DZQHKG0FN1B9SRMT
01GSTE8MN3NJTPPMY66MCKCCQX,2023-01-22,01GSTE8MN4SS8KD9Z18NFBZPZ7,01GSTE8MN468BJ60KEA3P10PY7
01GSTE8MN591DMHQTR1T4K574C,2022-07-26,01GSTE8MN6Q5361E7FY1YP3DWH,01GSTE8MN6BV5QA2APXA4E6CX1
01GSTE8MN7VHAGGR0Q8FYZ0DXA,2022-08-31,01GSTE8MN7ZBJV710H8WEJVJQQ,01GSTE8MN8XYQHJVCNSPH2G7AX
01GSTE8MN8JQ7KHNNPWHTDKQD3,2022-07-16,01GSTE8MN9S827SHDFK4D1Y728,01GSTE8MNAJMKY2HAZQQMCDRG5
01GSTE8MNAZJN8NX70DA7Y8M8Q,2022-08-15,01GSTE8MNBNV2K32KGE6SK9F34,01GSTE8MNBSGZ3EH9R9KTD7NBW
01GSTE8MNCZYSPH0CYSP6J6QCP,2022-06-26,01GSTE8MND9ZXWXDAG4YRWJB8R,01GSTE8MND63RW0BSRJBVKGVHR
01GSTE8MNEKBN4BXKTTGVH87X8,2022-08-12,01GSTE8MNEHZEQRQEF5N6A0067,01GSTE8MNFQ8ND8ZYSPH9C14Z6
01GSTE8MNFA306DVVXXSXHXW2R,2022-02-26,01GSTE8MNGE1067VQ0S23G66Y0,01GSTE8MNHNCDCSGV00S0547BS
01GSTE8MNH8W0S4GPF3NEKT7VS,2022-03-29,01GSTE8MNJ50PJ7MCP96HDGHVA,01GSTE8MNJHE9QBTX2JWR14RQJ
01GSTE8MNK17RMRDW335YV4GKS,2022-05-20,01GSTE8MNMC1NK08AMJV433WD6,01GSTE8MNMQ1GRH7DJFMS2ZDHS
01GSTE8MNNAWVXNW9J462NW1E8,2022-06-11,01GSTE8MNNJVSJ33NBCWZT6GXY,01GSTE8MNP8KP3Z4EA9FRKFX6V
01GSTE8MNPD1D5QXHYNDBFPK2G,2023-02-10,01GSTE8MNQGHSY8AFWSK52EKMW,01GSTE8MNRSRW12YEJEYMP97DY
01GSTE8MNR2C59R6RFEJN3Q0JG,2022-07-29,01GSTE8MNSKXARWYKMBDV9BZ67,01GSTE8MNSKQDF2T3S4QAH0BM6
01GSTE8MNT2SND0EE60GAAP1BD,2022-07-19,01GSTE8MNV5PG25KXSKYV9WVBD,01GSTE8MNV66684432FYQRPRR7
01GSTE8MNWKQC5S9CJGNJAM0H9,2022-07-12,01GSTE8MNXF82M7ZT7DQQQPGX6,01GSTE8MNX4H1Y9R5T3E3A121P
01GSTE8MNX5DX3Z074EVTPDQCJ,2022-12-10,01GSTE8MNYH6VRF2DZC28P6TPY,01GSTE8MNZV7M22M366PRYG8XJ
01GSTE8MNZ3SW1PY2BCYC2HSTF,2022-08-10,01GSTE8MP0XADYD8MT5RXXNPPG,01GSTE8MP0X1BPR0RFTPZ06Y04
01GSTE8MP1VMSQJC64EG486KR2,2022-04-19,01GSTE8MP2BKRVM1WS451MEWJ7,01GSTE8MP2ZHEXGYTTFZ337DAC
01GSTE8MP3NV59VHR53XP048SE,2022-07-26,01GSTE8MP3ECJT00KBS98YC74T,01GSTE8MP4QYH2NAXKA20AVH4A
01GSTE8MP4RKCFV8NKH7DGA4ND,2022-02-15,01GSTE8MP5H7MYR9CYPBJP6CHY,01GSTE8MP6F41QDYX4RAE6K4PC
01GSTE8MP6W5BVGJDJT6KEW43X,2023-02-17,01GSTE8MP7BH51DAV9SD5GV12T,01GSTE8MP8N2M1MW362AMBCBFZ
01GSTE8MP878XWJP13BBCDZK9S,2022-10-31,01GSTE8MP9BQGYQ63456T5ZMYR,01GSTE8MP9V1ET2672F6WJBBJ8
01GSTE8MPAXM6NDBF4EE4WAYFH,2022-10-08,01GSTE8MPBTG5ASQEWY4Z9N3MG,01GSTE8MPB0NKA0T5B7SZRZWP2
01GSTE8MPCA8T49QST4168E0DP,2022-06-30,01GSTE8MPDAG5V7G29JV16QZFN,01GSTE8MPDJMZ2VVQPD0J9KVR7
01GSTE8MPEREWX8W48YEQY9BDB,2022-11-22,01GSTE8MPEZB0YJF0BWF5EN3HN,01GSTE8MPFTHEJWCHB2N6MVFNR
01GSTE8MPFN6MWZKMJZWJETPRH,2022-12-30,01GSTE8MPGC9HZHQHG9TBSASKT,01GSTE8MPHDCTMF6RJ5G1EFQBC
01GSTE8MPHR4CN2MWAP60ECQTZ,2022-08-10,01GSTE8MPJBJZMV1SC0YB2PQ34,01GSTE8MPKV1JAMGX4EEEQRJDQ
01GSTE8MPKY32BGXDBX5NC9FGN,2022-09-09,01GSTE8MPMGM3B30FQE7ACHPPF,01GSTE8MPM41927CXSMNKPBCMN
01GSTE8MPN1EGW29M3H6BM53KG,2022-12-24,01GSTE8MPP5NVTV7V8HM3NS7XW,01GSTE8MPP6XKHSMY3N03ERB9B
01GSTE8MPQ17DDGY0YHZYJQ8N6,2023-01-15,01GSTE8MPRSW0PZA9E6Q2JAY3J,01GSTE8MPRXBPWRHVFHXH0GTMG
01GSTE8MPSYS1YPEY3FCSM8YXB,2022-12-29,01GSTE8MPSQZYGM9791YX46P9D,01GSTE8MPTXYC324DERW1QFEQT
01GSTE8MPTGTEPYC5C6JWY9QV9,2022-12-15,01GSTE8MPVZG4HW14B0E6JXZ2G,01GSTE8MPWKCKKF9J5ABXTCCHA
01GSTE8MPW7RMT74HYSXJG6277,2022-11-22,01GSTE8MPXV3JKJFE70ZH4B8EA,01GSTE8MPXVKNARDGG37ZBHSD3
01GSTE8MPYPNZC27K12B9PJSRC,2022-05-27,01GSTE8MPZBYF2AA8S98FYNC5T,01GSTE8MPZ32QGHYPMANSW07V3
01GSTE8MPZZWM8JRTZW71E2ERX,2022-07-11,01GSTE8MQ0B4TB0X9CV68VM5PE,01GSTE8MQ1PMZN8QST6HFYTJE2
01GSTE8MQ1KWN6VXJQ6EVZ1715,2022-09-21,01GSTE8MQ2X91K6YHEAFA8M6HE,01GSTE8MQ26C28AJFWGST3B6XR
01GSTE8MQ3W1H41S1Z6ZBZ44BM,2022-08-14,01GSTE8MQ48XXMNJ9985Z25SER,01GSTE8MQ427TTJ90V95VQ42BT
01GSTE8MQ5N7C0S48GWB8MN5EK,2022-05-29,01GSTE8MQ5HSBA3RPAAQSF9XMV,01GSTE8MQ6AAHBG9QHA3Y1HBY0
01GSTE8MQ61RNQEXSWKSHEFT4S,2022-01-04,01GSTE8MQ7HS286T3064TTM6Y4,01GSTE8MQ8AZBGMBXMWZA2Y6QD
01GSTE8MQ8K78HJXFS4H9WCD20,2022-01-26,01GSTE8MQ93CXTVGXCHAD6V3EC,01GSTE8MQABP0H1EW8DVDAKC6V
01GSTE8MQAAJRMN0C4K207NXBR,2022-02-10,01GSTE8MQBKS1D06BE3Y659EBD,01GSTE8MQBTT9X6SZRH76RD1FG
01GSTE8MQCZ2GC547EQZXMMDXJ,2022-07-12,01GSTE8MQDBZMNAWA9J3H8REQG,01GSTE8MQD8PYAGYPRBVERJSGJ
01GSTE8MQE5WX2REG6X05F3MG8,2022-07-31,01GSTE8MQFBGTA4ZWZ59RRQ7ZS,01GSTE8MQF5Z81TZVTVJD5HYQQ
01GSTE8MQGSB1372E5NMFMNDDV,2022-02-14,01GSTE8MQGCKYCWM6SCRSSG3AR,01GSTE8MQHPEWSD18XMYEFWG98
01GSTE8MQH5YFQ3NQDCNARA2H2,2022-10-29,01GSTE8MQJ00AZ6F3M5X9DA8KM,01GSTE8MQK1QN5Y437RVKD0R8M
01GSTE8MQK42RVR0RYCTSEK0C7,2022-04-07,01GSTE8MQMJS4EV13HY1DFB7CN,01GSTE8MQMNTGD5ZJQGSFEE46Z
01GSTE8MQNJKKHN52NGYQ8CTAB,2022-01-30,01GSTE8MQPFA26VRK4H62D3GR6,01GSTE8MQPTSEZ50YC7ZKQ60ZS
01GSTE8MQQ2TWATAXTY8W3JZF2,2023-01-01,01GSTE8MQQQNDB8GH5VWPK1X5H,01GSTE8MQRV66J0M2Z3T6PDN67
