product_id,name,price,description,SKU,category_id,stock
01GSTEKZ82WMXEZ5MCFHR8HSG9,Thorstein Scarlin,$6.74,Rough Dubautia,5671137403,01GSTEKZ861BAPE5BE5636NAFT,99
01GSTEKZ87H0VDK8YFTT2QD0RC,Alyss Burthom,$5.05,Mountain Pepperweed,3172932524,01GSTEKZ88MBVSDDFT19A1A5MH,15
01GSTEKZ89S14AMH1PXECTNPR2,Sibbie Crowder,$1.44,Kolkwitzia,0349365474,01GSTEKZ8B8SNGGDPPQ85K1J3W,57
01GSTEKZ8BZ4H2XPK2Y92JGV6Y,Christan Flescher,$9.56,Desert Wirelettuce,8043108366,01GSTEKZ8DM4G7H55Z9HDA8WB2,75
01GSTEKZ8EXVX6QAGG4RQZ5YK3,Christabella Hinkes,$3.14,James' Cryptantha,7376402160,01GSTEKZ8GQZFXDFGQV535YJMS,36
01GSTEKZ8HZZKPHW9HCY9VGB9S,Bartholemy Darell,$7.10,Dwarf Heliotrope,2801254576,01GSTEKZ8KK1VNGWK2J5AKJ072,32
01GSTEKZ8M32JYVQ1BVA3SD15A,Johan Naisbit,$9.53,Mielichhofer's Copper Moss,1931691193,01GSTEKZ8N4ZVBCWF8RZSPCK9G,100
01GSTEKZ8PETAQS9GD9JYMNJ0B,Eba Rosiello,$9.72,Hinchahuevos,9469085418,01GSTEKZ8Q9VFFHP09WGCS516H,94
01GSTEKZ8RJAJY48YKHEXEJ77K,Wilona Jarnell,$4.47,Common Pepperweed,4524134670,01GSTEKZ8TVD11RS441BHC190E,63
01GSTEKZ8T3QT96J8M35EZ2FQ2,Drucill O'Reagan,$7.30,Tropical Royalblue Waterlily,3025288922,01GSTEKZ8XGETTB0FNGY0QWA93,22
01GSTEKZ8XQ31Z9GKQDWT24MBT,Cristi Cleatherow,$7.18,Curtis' Star-grass,1822973244,01GSTEKZ8Z9KVAHKP42T2B5GFM,5
01GSTEKZ8ZB8TAXB60KAE2CXV0,Eada Jurek,$7.45,Zion Chickensage,5130717066,01GSTEKZ91F64ATVZQDS0HECPK,81
01GSTEKZ92HT8C0N9A23920G65,Giorgio Downage,$3.89,Goose Tongue,6190935109,01GSTEKZ94YEGWXX2Y4CENYDGQ,1
01GSTEKZ95CY21HEPBKWCKG866,Erin Dorow,$4.83,Neststraw,8385702466,01GSTEKZ96CV6VR5SKXXGY0YRK,83
01GSTEKZ97QH9GYX5563277WMF,Lowrance Rubie,$5.89,Svenson's Beggarticks,9259233992,01GSTEKZ994Q4Z8AHQYQJHHA3Q,29
01GSTEKZ99VG4ZKA91C5P1EM22,Galen Laity,$0.95,Indian Blanket,0104693983,01GSTEKZ9B0BRRFSF6YB9TXEAP,22
01GSTEKZ9CJC9BK5HHEH7NCH04,Guilbert Waddicor,$0.50,Walter's Groundcherry,6669075030,01GSTEKZ9DCM0XH8Q0578R3YE7,11
01GSTEKZ9EXGBM14M0QQGN1SX8,Neel Redwin,$0.80,Paperflower,0963909665,01GSTEKZ9GM936GYSTHMGA0KPA,77
01GSTEKZ9GKASTKRDJT0SBM5SQ,Kiah Bodiam,$6.97,Limoncillo,9303386981,01GSTEKZ9JHTXKPNR7QJX8B0W6,67
01GSTEKZ9KT1ZB5XR39XQCXRR3,Palmer Ohms,$5.25,Vivald's Lobelia,6709696006,01GSTEKZ9NWVVVMS3C4HNDZH52,49
01GSTEKZ9P590X0PBR327RJYFB,Francois Gotcher,$6.12,Showy Tarweed,5180057523,01GSTEKZ9R72BM6FNFF1PKDS2W,47
01GSTEKZ9R9G3AR3K3TGSV2SXR,Eadith Godar,$4.51,Hayun Lagu,3461445053,01GSTEKZ9VJZHYMYB40D9HDBHP,60
01GSTEKZ9WZGHB3QPGY3H5XNZW,Shandee Bogace,$1.68,Tropical Marshpennywort,2331187452,01GSTEKZ9Y8DGJAE8Y7P6GMHRN,16
01GSTEKZ9ZVJ8CJGQY35V9GN4Z,Skipton Chaffyn,$2.70,Whip Nutrush,7979705297,01GSTEKZA1WQ05CG5DN6R1C8V0,40
01GSTEKZA21ZERSYD9939SQ31P,Adelaide Coskerry,$9.36,Cutleaf Crab Apple,1841504483,01GSTEKZA3B29X83FPNSYMC86H,88
01GSTEKZA4RYA2BQ3EV3E5TE8R,Rafaelita Greaves,$1.10,Clustered Beaksedge,0888181779,01GSTEKZA6VX8V2AE53DDB06Q6,57
01GSTEKZA6NHVQQSCPJKJK3HHX,Sydel Bello,$7.83,Borrego Milkvetch,8710200436,01GSTEKZA8NR9P7478BYG5RD86,10
01GSTEKZA992WQ5ZQZ8565M1VC,Konstance Schaffler,$9.62,Little Yellow Rattle,7206157866,01GSTEKZAB4QK7H741Q3A46XTN,22
01GSTEKZABCFFX8BDJP8BWPH56,Redford Paybody,$4.01,Tennessee Gladecress,0926511823,01GSTEKZADFX0DXKF248F41PY2,71
01GSTEKZAEZ11YMARVTVHPB1AM,Kalie Bucktrout,$3.46,Ribbon Fern,0543523403,01GSTEKZAFQ0RABM8R9B4H222V,58
01GSTEKZAGNA5GGGZX24ZSCGXQ,Marillin Gales,$7.13,Woodland Necklace Fern,0375559655,01GSTEKZAJJ4294MMDRYGEHREA,60
01GSTEKZAK797KR5QBXQBPPG6Z,Shea Meaton,$2.16,Michelia,2641714922,01GSTEKZANEXB6B5SMJ5EQ83M9,44
01GSTEKZAPFXSTZDQQ0ASKW75B,Penelopa Rowlstone,$4.44,Kamakahala Lau Li'i,8361228152,01GSTEKZAQC14ZYJKPGCE30X7M,49
01GSTEKZAR789STSANK2M3896Q,Kiley Maro,$9.13,Island Bristleweed,9128856449,01GSTEKZATFCSCAQGCR4CAHRJB,91
01GSTEKZATHVVPWW69G89T6XK8,Laraine Rawsen,$2.45,Crowdipper,7292933890,01GSTEKZAWG2WW7SPMGTHVQ9QY,13
01GSTEKZAWARMSGMCP6PX1RY5M,Wat Darrigone,$7.96,Slash Pine,2588307515,01GSTEKZAYFMPFX1MPED7Q72CP,90
01GSTEKZAYGK4A4G3RZ2G501NN,Danyelle Reith,$3.86,Mountain Papaya,6496765626,01GSTEKZB0FA0KQC4GMPCZ1VAD,33
01GSTEKZB0DAR32ZNVZM0891JQ,Norine Beecraft,$0.84,Roccella Lichen,5233339064,01GSTEKZB2R973R3M6TZ6P7FSX,61
01GSTEKZB3BNMMEK911JSHHEWK,Fanya Ragat,$6.11,Darwin's Berberis,7788759449,01GSTEKZB43BYM0RAR09A04WDN,62
01GSTEKZB53H8JVBD81BXNG233,Bette Jephcott,$1.18,Angleleaf Miterwort,0374338817,01GSTEKZB6A6Q29PPYAZJZC7XF,68
01GSTEKZB6BTYSNPH1N9XYN30B,Bronny Kennewell,$9.72,Hawai'i Morning-glory,4675100651,01GSTEKZB82WB1PW80E0J4YDBT,55
01GSTEKZB8JATYKR63AVWNVZVH,Web Shortt,$0.45,Sharsmith's Stickseed,0922841241,01GSTEKZBAVD8FJDCDHPPWWZ26,41
01GSTEKZBAV623GD8G4WAVFBGT,Elly Lealle,$7.28,Paradisetree,6440049461,01GSTEKZBCPEWRK8YB04BKW78C,5
01GSTEKZBDRP2FANYSBVHD90WE,Syman Humberstone,$3.17,California Bastard Toadflax,1677147288,01GSTEKZBF2JYQSV4YWFQHMDPZ,4
01GSTEKZBGPPC6SHHYM5168CSM,Rossie Abreheart,$6.81,Peculiar Moonwort,1713352230,01GSTEKZBJDVJ0VHHSE9P8R4C8,42
01GSTEKZBN3VCY4A8SPFXVATPA,Ali Boobyer,$9.03,Skin Lichen,1767559453,01GSTEKZBQSBWWK52G980MNPT5,16
01GSTEKZBRRKPWTZNR28CDHAKQ,Camile Yedy,$0.66,Dot Lichen,2735234940,01GSTEKZBTJCR5MH11PV0BDQ6E,27
01GSTEKZBVQNGP0VKE034AJRR2,Daniella Feeney,$3.35,Lavafield Jackbean,5238073704,01GSTEKZBXESD7GJK8T7PQMK7E,39
01GSTEKZBYNTDMYY88EWP9T735,Golda Oak,$4.41,Red Hawksbeard,8589522113,01GSTEKZBZBAWK2W7MT9T5ZQ7J,1
01GSTEKZBZAZ1MPDWPNG2MS0BF,Ashlee Snazel,$8.15,Tall Snapdragon,3174980593,01GSTEKZC2A5YK26TT95C0HA44,2
01GSTEKZC35ET8N13ZFTDKR2RV,Neala Benjafield,$9.88,Aster,2825052175,01GSTEKZC5GRA89N14QHJ879V4,50
01GSTEKZC6DNB9Y2YQ43GE42KG,Renado Manger,$3.77,Fendler's Meadow-rue,1053464452,01GSTEKZC8BB84MKHSVTM68E6H,76
01GSTEKZC8KQRJY5WN273V9HFV,Maria Curwen,$9.53,Wreath Lichen,3671934050,01GSTEKZCA0NSAQC1KT5AWW16M,10
01GSTEKZCBWB5GTVX4SJS8DAG5,Iago Taggett,$2.21,Scented Senna,0785844597,01GSTEKZCCQJCY6F76SAQCJQDR,91
01GSTEKZCD75JAEJRW1J4EBAK7,Patsy Enderwick,$9.37,Warm Springs Hawthorn,4089378052,01GSTEKZCEJ6G0AAX6BPE2G2YQ,100
01GSTEKZCF3VGXSJKSHQ1KK9PY,Caron Ilyukhov,$8.56,Spreading Fissurewort,2955437689,01GSTEKZCG7RAKNYWMQDTR17VF,56
01GSTEKZCH6E1A4HDDG94VQX3F,Elliot Powder,$2.86,Pillwort,7741612468,01GSTEKZCK25FJ2YEPEQH42CKZ,18
01GSTEKZCK23VJ813ZGSBZN16F,Alford McKillop,$9.32,Graham's Twinpod,8889295600,01GSTEKZCMRNB8FAHDA7XP45KX,100
01GSTEKZCMXAQQW02BGP83P07S,Fredericka Nani,$6.89,Willow Spring Blue-eyed Grass,9182731276,01GSTEKZCPT7M0DR38YF5GNHJC,36
01GSTEKZCPRQ733C9M2TDB5197,Rani Maypes,$6.91,Oleander Fern,7745734614,01GSTEKZCQSGYM4GYDC8NSBAQ8,35
01GSTEKZCRFHV7ZH98311B8467,Tripp Deas,$5.01,Fontinalis Moss,5875236213,01GSTEKZCSH8F94ZCYVCWBY0JS,84
01GSTEKZCTSDS4KQ8RM55NXJZS,Nathaniel Mila,$5.33,Balsam Poplar,9289219254,01GSTEKZCV5MDYS6PA0Q5MN6FG,95
01GSTEKZCWFXTBWVPAK1NGF9TZ,My Pottery,$2.71,Zion Cliffbush,0935928944,01GSTEKZCY108DAP66B6XQ4RTR,34
01GSTEKZCZAH93CC5X3889H8N9,Anthony Stoate,$5.98,Hall's Columbiadoria,2197706446,01GSTEKZD0DV39N4WTQ4JWS77E,39
01GSTEKZD0TNSZ6V20MBKCF0PB,Padraic Ankers,$0.91,Longdisk Sneezeweed,4554122794,01GSTEKZD26JP30ETST7C1NDQ9,100
01GSTEKZD28WP2A7ZJF7FEE2QS,Easter Norville,$7.61,Parasol Bladderpod,8821734978,01GSTEKZD48Y4TDFN3TWRZB8DN,37
01GSTEKZD51S65B9FX8ABB1TZ9,Luke Phillins,$5.99,Small Skullcap,5970969214,01GSTEKZD88YCNB7RGQP5HYXGD,7
01GSTEKZD96JKSXKN1NVWF8AE1,Monika Readings,$5.58,Slimleaf Bur Ragweed,8618741558,01GSTEKZDBDAW9WWC80MRTVAGE,37
01GSTEKZDC4P8ZRQE6ERBHJF97,Sheffy Goodluck,$2.46,Bugseed,6774483674,01GSTEKZDDZNBWER4MK1MW6DD7,63
01GSTEKZDE8X0R9KM247B95JPR,Aveline Cypler,$8.33,Narrowleaf Gumweed,8338867454,01GSTEKZDF08HEA08CJXT3CT2Y,18
01GSTEKZDH1HXJBKHRBE45E3QR,Elisha Woofendell,$4.30,Erpodium Moss,6080486199,01GSTEKZDJMV57388FANF4168A,69
01GSTEKZDK9QH102EPRBVYWVZG,Roseann Rabjohns,$9.13,Foothill Larkspur,5407200538,01GSTEKZDMCD7S8A104HKV6QS4,15
01GSTEKZDNKNW2Q5X0ZRMZ72NX,Cassius Forker,$8.51,Balsam Bird's-foot Trefoil,8977989450,01GSTEKZDQCKH54MZ4568FQ930,37
01GSTEKZDRMNPAFR1FPJ0ZTY6F,Waite Hazart,$0.86,Orange Lichen,3397645336,01GSTEKZDTRBTP1NZHGFCRWHQ2,35
01GSTEKZDVPSDYC9SGWASNDNJD,Jasmin Dudden,$1.68,Engelmann's False Yucca,1433511312,01GSTEKZDWYZH8QFZQMCMGQCPJ,56
01GSTEKZDW092X9TQCGGNWYZJ5,Oran Yarnell,$2.57,Two-horn Bundleflower,0839368704,01GSTEKZDYQ19HEW3E0VKREGM2,56
01GSTEKZDYKYK4NEJ6FAEBNEW9,Ramon Dory,$0.73,Shaggyfruit Pepperweed,9009032329,01GSTEKZE0CQ8ATVEE310Y1PFX,12
01GSTEKZE2NYSZ6Z6KSF2G05FX,Leonid Dix,$8.16,Crow Orchid,7573983824,01GSTEKZE3BW68D1M0DK7JR0AB,43
01GSTEKZE4J5HPMYY1R35N7K3A,Barbara De Benedictis,$9.86,Koolau Rosette Grass,6782711524,01GSTEKZE72S11ZG2CKR5N5B6P,76
01GSTEKZE8KZFSMV19BK72PMZX,Jacqui MacNeely,$6.04,Anoda,5630042734,01GSTEKZEBEKX8CJ0WNJ2N2RQX,36
01GSTEKZECV2A1Y1663V762ZAP,Gabriel Culshew,$5.99,Mountain Lichen,3541692502,01GSTEKZEFD1JT089EZS1EF4A7,39
01GSTEKZEG3B7TGYPRVC0GDBJ6,Leena Addionisio,$5.13,Woodbury's Babyboot Orchid,8457148117,01GSTEKZEKE4FKQ1XY90K3PSC2,92
01GSTEKZENWPT0VGGF0YZW5SVH,Carce Garlic,$0.86,Whitestem Clarkia,8638900821,01GSTEKZEQDYQF1NWFQR57WG7K,40
01GSTEKZERKJQH75YMRZNC01JV,Kaile Brotherick,$2.23,Longbarb Arrowhead,9828244209,01GSTEKZEVPA8ACV2JPTZS8EGC,38
01GSTEKZEWGCR26W3KD5RETGBJ,Erroll Croson,$5.11,Abbot's Bushmallow,6070299205,01GSTEKZEYFXHQN6DBW970VX1V,85
01GSTEKZEZCVH0AQZ8783FV5QS,Calli Fine,$7.70,Lecidea Lichen,2768482722,01GSTEKZF1BB6WVPCQYSNC26N1,46
01GSTEKZF3T1W75SY9VGFWM0SZ,Averell Gleasane,$1.61,Horn-leaved Takakia,7528403261,01GSTEKZF4M1BT57H151GK5WM2,61
01GSTEKZF5KRPTHMHYXRZ2TYMP,Clarence Turl,$2.09,Death Valley Beardtongue,9971404958,01GSTEKZF7Y64NKE7Y6SDNGZ99,93
01GSTEKZF877R6EE6YJC4JJ0Z5,Marthena Klessmann,$2.94,Spotted Beebalm,8897757472,01GSTEKZFB453XXGVGPA5SG0PF,29
01GSTEKZFC33RPGNQ7ZMQKAZS5,Mirelle Dagon,$1.60,California Wax Myrtle,7943179137,01GSTEKZFFHJF7P99VXSVMBMFC,41
01GSTEKZFF480FRECEV3ZSGFWA,Iorgo Bellson,$5.09,Davis' Knotweed,5014141722,01GSTEKZFJ05WYMBF206G81T7Q,55
01GSTEKZFKJYC660TSRCDTNCTC,Leodora McIlory,$0.38,Cloudforest Magnolia,4865969616,01GSTEKZFMPA2BVE3DJA41S255,100
01GSTEKZFMBZPVM57YZDQ7ZGZ7,Tana Philo,$9.67,Stenocereus,6122223727,01GSTEKZFNTAPJY7H4R4XNMEYD,9
01GSTEKZFPJMCE5H0FH9NET82Q,Vittorio Brant,$8.21,Chilean Chess,6141619312,01GSTEKZFQHK3WW1Z0Y9FH1YWD,31
01GSTEKZFQ5S64HEE0TAQZD9NE,Malvin Richfield,$6.94,Santa Rita Threeawn,2386892468,01GSTEKZFRT0WXFNRX12V1BNXJ,15
01GSTEKZFT3YCV0ZVXR9J4ZN94,Beverlee Burgisi,$2.36,Tall Buckwheat,2423755287,01GSTEKZFVBDBKZ2BX950DMR52,45
01GSTEKZFVSCQ6EP6JDQ4KC7CB,Mikael Habbes,$0.38,Shasta County Arnica,7795583199,01GSTEKZFXE42DDGK1DDTDX9DQ,60
01GSTEKZFXJ74KM9VVJQPQ3VFA,Noll Willerton,$5.96,Viscid Mallow,8110168698,01GSTEKZFYQ9AGSHG932ZABG2N,97
01GSTEKZFZFFBNNX6VE5030Q4E,Jake Hallaways,$6.35,Fragile Tortella Moss,1653216379,01GSTEKZG0TV9QJ9TBVTVGE0P3,19
01GSTEKZG1D8TBCGCXJG22FSSX,Madelon Healey,$0.84,Rush Peteria,4165769673,01GSTEKZG39YRASFC7MS7Z6ESY,52
01GSTEKZG4NV3QST5JTHT530H4,Sonia Smart,$7.75,Fremont's Combleaf,4478558558,01GSTEKZG5Z7H3YX4YNMCGW83G,84
01GSTEKZG6QTVE092TP0WRY00S,Gardner McQuilliam,$9.38,Mineral King Draba,1090256493,01GSTEKZG7EF5JCVG5VYJZRWHR,39
01GSTEKZG7EEHRB818JHXX0X18,Donnell Branson,$6.95,California Amphidium Moss,4421301612,01GSTEKZG8VWJE15GJK96HDY84,95
01GSTEKZG95N1XMC31C62DNP3F,Anders Matushenko,$2.93,Spreading Sneezeweed,8539201925,01GSTEKZGAY5QXZWHY8MCPE3QZ,48
01GSTEKZGA374B8WJNMSHDEQVA,Mariellen Paliser,$6.53,Lemon Lichen,2564564410,01GSTEKZGBTN4KGFBXK8N2A37Z,78
01GSTEKZGCCS8GJKDRTWR22GP8,Jonas Cron,$3.24,Tharp's Croton,7571300452,01GSTEKZGD5G63VQVSXR7SB3FB,28
01GSTEKZGE3S1GAWA1WHNKQN7S,Yorgos Joriot,$1.43,Emory's Baccharis,5859900503,01GSTEKZGFE36Y4AB4EBNQZXPC,53
01GSTEKZGGH88WMMSY1XKZ4ECK,Boyce Phelit,$0.26,Blue Ridge Blueberry,4137062501,01GSTEKZGHPRHZS852W9J79ZGR,89
01GSTEKZGJVB79DZYK5TGS9Y3A,Roy Arnaldy,$5.73,Lesser Hawkbit,0472004123,01GSTEKZGM5T3E6Z1MMKQ0M383,50
01GSTEKZGMG47XSEDV1WSCA5YW,Reggie Entwisle,$9.84,Wright's Dogweed,6682448228,01GSTEKZGPZX91THQGXZ9T5021,40
01GSTEKZGPRKFZPNYJE9W17SDC,Claudelle McGrudder,$4.31,Tuckerman's Earth Lichen,5225590500,01GSTEKZGQSGA1WW2HD7K5JPG9,54
01GSTEKZGRTK6EMGRZAPXRVYRK,Balduin Crosland,$1.26,Hyssopleaf Hedgenettle,7476852559,01GSTEKZGSA5KA7N59SJJW2WZW,22
01GSTEKZGTE743F831136YG24E,Gerhard Culter,$8.14,Dicranoweisia Moss,7222634886,01GSTEKZGW1WXDJP0VTQG47MKT,98
01GSTEKZGW4TC6N8R4MYRC8XHN,Pearle Siflet,$0.77,Waterleaf Phacelia,7531259745,01GSTEKZGYGJD44TPFJ773CCZR,66
01GSTEKZGYCPTRJ2MWVJSNSFEW,Iolande Heyworth,$6.11,Pink Azalea,8291231753,01GSTEKZH0K04KD7CPWBHXFJFD,73
01GSTEKZH0NR2D0Z29ZKBKBGQH,Victoria Martinek,$4.38,Catesby's False Bindweed,7737734309,01GSTEKZH2NWQTEPN3985278GW,3
01GSTEKZH21W9DNP6K5VMMZTY4,Maria Winterburn,$3.22,Kopiko 'ula,0362939012,01GSTEKZH3XEFCKQQ9ZH3J4G6Q,7
01GSTEKZH4A98XXD7X7CNHB906,Annette Ordemann,$6.27,Pacific Clubmoss,6588754787,01GSTEKZH58EX20YA5BFAP4256,47
01GSTEKZH62H8VYPBG0VJ0T7PP,Jennica MacCard,$6.97,Drepanocladus Moss,5637725950,01GSTEKZH7KPZWMPBB26Q7ZBT4,65
01GSTEKZH8HMRKVQEDJD82TVHQ,Ashleigh Denkel,$8.90,Limpia Blacksenna,8385345736,01GSTEKZHARDNBR91K4KESDZED,3
01GSTEKZHBMJNBEMAW847E5N71,Abbe Antoniazzi,$0.20,Baccharisleaf Beardtongue,8508859317,01GSTEKZHE9YCDGQ7EYSDCD8G4,3
01GSTEKZHE07G1CBK6VYW08DY9,Pauly Matthessen,$9.95,Hybrid Oak,4276110424,01GSTEKZHGXRVA03PEZRSZW2X5,64
01GSTEKZHHB5KTVYNYR0RTHYNR,Federica Brazil,$1.19,Whitehead,2734171570,01GSTEKZHJRSGZAAV5NZ155CCQ,49
01GSTEKZHKS8YKKVHAPAY35V0T,Beverlee Drought,$2.53,Widethroat Pink Monkeyflower,0022496769,01GSTEKZHNTHYY0P4B4CKV87TB,16
01GSTEKZHP9QXJMTGH5D6DP8YA,Sissy Tarbatt,$3.81,Powdery Milkvetch,0994385528,01GSTEKZHR3DDV2G9FM2PK4KQY,74
01GSTEKZHT0X62WS1K47PTCJ05,Minerva Virgoe,$2.23,Amygdalaria Lichen,4646490722,01GSTEKZHWN47K335HSPYY47QY,55
01GSTEKZHXB4AXD2RNFNCBRY89,Aldin Newarte,$7.39,Warnock's Fishhook Cactus,3330229047,01GSTEKZHZR46B6Q91PT01EDX1,34
01GSTEKZJ0HR7J18A5DJEHQPV3,Germaine Henrys,$0.75,Tetraphis Moss,5988633803,01GSTEKZJ2CKR5RXFBSCCZBAYM,92
01GSTEKZJ3ZYX8JF6MJMRWYE5D,Ailis Barnewelle,$1.10,Horsehair Lichen,9929147055,01GSTEKZJ6CDWGA2Z2AEZBWHY5,11
01GSTEKZJ6WF4V1KD8BN7RJX8G,Kip Albertson,$2.07,Oblong-leaf Star Orchid,9919959219,01GSTEKZJ8FBG0Z9ZF6XC3DJCH,36
01GSTEKZJAHV9WGXTZSWRE91NF,Kristofor Hucklesby,$9.80,Starke's Pottia Moss,8901819732,01GSTEKZJCWGNR2C2DYPXBKXQ7,25
01GSTEKZJDFS9CT5VN5K6PR0HE,Toni Cowe,$7.06,Cliff Goldenbush,9701825357,01GSTEKZJFNP1P7424N9N064VH,7
01GSTEKZJGS5NBQ5ZD5J2Y63EX,Liliane McGray,$1.07,Bentspike Fountaingrass,1900918668,01GSTEKZQAA8WTF7NR2SJME0A1,78
01GSTEKZQBD5CQMF9A6VQNTM0T,Gil Shimony,$1.51,Oahu Pilo Kea,7404307619,01GSTEKZQS4DEV27QCKTANK1MQ,71
01GSTEKZQTMSPQWFBKDS1X40PK,Janelle Stoite,$2.71,Wild Bergamot,1398801062,01GSTEKZR6Q8493B59W7ES3PB2,3
01GSTEKZR726SGW85WG8AV819S,Vitia Rennox,$1.65,Dwarf Bundleflower,7753921134,01GSTEKZRANC4QTFFZ6ZSDY1SG,7
01GSTEKZRBX5CG6MCBR9HX8D51,Meredeth McMeanma,$6.32,Silvertop,5542265928,01GSTEKZREWPFXGKF2KX8TVDQA,64
01GSTEKZRF9YHF9913YANK1FXV,Monika Schiementz,$5.19,Wart Lichen,4214091728,01GSTEKZRJ0MG0N0JN8QB3AR32,36
01GSTEKZRK2W3TRHJ4MDCXSPCQ,Dottie Cragoe,$1.81,White Avens,5016840512,01GSTEKZRNADTBAB7MEK27DGA3,1
01GSTEKZRPZ0SX753HW3D4E6W5,Karlik Snowling,$8.31,Cutleaf Coneflower,7966796000,01GSTEKZRRNCFV4XJXWM9ZWQCE,21
01GSTEKZRS3D0J085FF9613JCB,Guillaume Hurry,$1.29,Hawai'i Silversword,6337087054,01GSTEKZRWKFXVKWMYY8SPT39B,33
01GSTEKZRXB4W5TK71ST08BG6R,Gabriella Aishford,$2.48,Warnock's Ragwort,4144507572,01GSTEKZRYC6NNCNCSF7MZRA4R,71
01GSTEKZRZ41NCTCHN007N0YNT,Odella Mebs,$2.21,Modoc Plateau Milkvetch,6078086170,01GSTEKZS1NQ84QXX1XJSY8QPP,39
01GSTEKZS2XA6BMKHDCKE97EJJ,Morty Sentinella,$3.93,Milkberry,2488962139,01GSTEKZS3FBVAMJJJSPVSWBPM,36
01GSTEKZS48V6TQVEKEJZ5TJD4,Lynea Jursch,$2.76,Maricao Rodwood,7383804740,01GSTEKZS50T7EB5Z8J9NQ2HS6,60
01GSTEKZS6N540XJSNZWE1DZ4A,Lira Nealon,$8.99,Curved-fruit Blacksenna,3706653168,01GSTEKZS7PE0YB5512EMHCAMW,68
01GSTEKZS8DY5HQ9R6BEYD0DCZ,Sonnie Schimank,$0.53,Bryum Moss,7754276437,01GSTEKZSAPWT6KKW15H9HG6QR,79
01GSTEKZSBFXBWWPKVPVSMDW6W,Amandie Roscher,$9.72,Menzies' Wallflower,7319900637,01GSTEKZSCKVW3PKM2AD6C7NEW,24
01GSTEKZSDESRAYDEFCYQS259B,Ferguson Botterman,$5.07,Mexican Primrose-willow,8601761658,01GSTEKZSFHB87DXQM2WR5DQN3,35
01GSTEKZSFSR9A72635KWD17MX,Gordon Slate,$2.48,Twining Snakelily,5516789621,01GSTEKZSHBDRKPVBBWCQNTHHT,2
01GSTEKZSHANNCFMY98VCVVAYK,Kassandra Royse,$5.54,Licorice Weed,9317619681,01GSTEKZSK8AQSZFBAE19FJZAS,70
01GSTEKZSM4NPHNYMB4GC3JNVB,Patrice Van den Oord,$2.29,Allantoparmelia Lichen,8812730825,01GSTEKZSPNC8GWCR280Y2F8DB,72
01GSTEKZSQ786C62DE431FYKNJ,Ruben Hows,$7.57,Southern Mahogany,4582871321,01GSTEKZSS4FFWM1HV3ECXJVB8,68
01GSTEKZST5PQ55SGHFNN1ZNSS,Bette-ann Castangia,$9.05,Rhode Island Dewberry,0623963183,01GSTEKZSXW5B3R0D4GT8CGWVP,47
01GSTEKZSYQ612S7ZZF2G1BKC9,Henryetta Dawidowsky,$7.96,Copeland's Map Lichen,0121140016,01GSTEKZT2KA34CAF89F0X09HE,68
01GSTEKZT3YC2F6EV30HJW6H8A,Yardley Sivyour,$1.25,Wiry Panicgrass,8841617047,01GSTEKZT6SP7CRA0X2GJGKVYZ,75
01GSTEKZT7519S3DJNMW3933HM,Tisha Borg,$7.42,Waianae Range Lobelia,0929176839,01GSTEKZTAEYGZC7BCJTK8AGJH,65
01GSTEKZTBPSTS2TEP1HEX92WM,Silvan Long,$8.67,Miniature Lupine,7524196873,01GSTEKZTEN2MMT3KSD5XD4MN1,95
01GSTEKZTF53KM7T5FQ18H1X12,Gasparo Norcliffe,$5.25,Beard Lichen,2681298946,01GSTEKZTHPPQ6MFP2ZHN6H9GZ,13
01GSTEKZTJVZFWE7HSSKQ0EJD0,Byrle Bigley,$9.64,Alaska Curved Woodrush,9229395226,01GSTEKZTNNZQMRSR58WXXVPPS,34
01GSTEKZTP0G8DQ91KA01CNEJZ,Leon Applewhaite,$3.80,Corticifraga Lichen,9657015235,01GSTEKZTRX758NST5GF60KPBP,96
01GSTEKZTT67TXEH1B5G554ZE1,Daile Thackeray,$6.16,Horsehair Lichen,2992364037,01GSTEKZTXS45XMJ309993EFRK,10
01GSTEKZTXG1ZNN72E2CW2817E,Gwendolen Naisbit,$5.72,Buckley's Fluffgrass,8500831618,01GSTEKZTZ5C23SCTGRF9JAGYA,19
01GSTEKZV06KAWDRM9BYK5YGWS,Mariette Winsom,$6.41,Carolina St. Johnswort,1177083655,01GSTEKZV26P2NT9SY3DMDTMGB,44
01GSTEKZV2TB18534FTJBQT0C3,Nefen Brennon,$7.90,Grassyslope Sedge,2443707067,01GSTEKZV49510H5KY9PB07H5Z,79
01GSTEKZV541QE9Z2H4ZXDGHA2,Willey Haggus,$3.43,Raup's Willow,5933008540,01GSTEKZV6BQSAV98RG4EA5PTR,84
01GSTEKZV7SAERR7A20Z7QH640,Yehudi McGinly,$2.36,Lesdain's Dust Lichen,9810942044,01GSTEKZV89BN7SDXXDBWM79BA,71
01GSTEKZV90J664BA4M160VXJ2,Brucie Zecchi,$2.77,Maidencane,9836889191,01GSTEKZVBQV3083KDA9VD1VNS,82
01GSTEKZVB8AAHFGC1X99R5T7M,Elene Cobley,$7.39,Prairienymph,8711488573,01GSTEKZVDM49Z3QQYPF1CJCX8,59
01GSTEKZVDPDFK311Y9Z6BW3Q9,Reece Tysack,$5.93,Kona Panicgrass,6786285848,01GSTEKZVFHCYHPBR1DNA0WNT0,63
01GSTEKZVFCPTRQGJ2J4VC43ZB,Suzanna Orknay,$7.77,Hamilton's Spindletree,9867469518,01GSTEKZVH7S1NZ2J8H12Z2PEA,73
01GSTEKZVJBG5VMQ59G61CYK7W,Felix Coda,$4.05,Mesa Pepperwort,7201257439,01GSTEKZVKMS132MRQS3BFMK1F,44
01GSTEKZVM0C4JYNWC93K3JX0D,Melloney Stanway,$5.53,Pohe Hiwa,3453706331,01GSTEKZVNWBFBENPX4G65F71M,43
01GSTEKZVPY0AXCQDV53J60KZQ,Leola Thacker,$9.86,Small Limestone Moss,4220367160,01GSTEKZVQM5334Y8CQ3ZJRC4D,35
01GSTEKZVR48J7JVXWC1V3174E,Dare Arrol,$3.88,Hybrid Oak,3883592331,01GSTEKZVSZT0BJBRMR5SGE38R,30
01GSTEKZVTTQ7P1Q5QPTXJYFK6,Danielle Crighten,$2.85,Lily,8363446556,01GSTEKZVV9YTA8R9KMB8FDXJP,36
01GSTEKZVW8KNTWR1V5K3BY9MH,Franciskus Corbould,$7.06,Plateau Spiderwort,6807426615,01GSTEKZVX1PW8RW2YV1EZXQSP,38
01GSTEKZVYM8C7PGSXHTJK1KEF,Anna-maria Marmion,$0.85,Sitka Mountain Ash,6947953626,01GSTEKZW0GGNKPB4YMZEA0GVG,49
01GSTEKZW17X529MWNCRV14PBD,Rowe Mapholm,$5.55,Dwarf Western Rosinweed,2913195946,01GSTEKZW5ZJXYF9FHV661EG2S,65
01GSTEKZW6FFSFW4EX25AJJNT2,Lionello Cheverell,$0.42,Sage,2972180208,01GSTEKZW9BWNM0XAHB566XP2G,97
01GSTEKZWBJ5HPDQCA9PEFYGYR,Odilia Austing,$9.21,Roundlobe Hepatica,3897432900,01GSTEKZWEVKJTJKXPE4MVMCHB,35
01GSTEKZWFX5X29X4T9GJJCFJZ,Keefe McGinn,$8.35,Caribbean Mayten,5276259550,01GSTEKZWK3110RHJTQDV0F13C,86
01GSTEKZWMTNDER6T0APVCBBYK,Arturo De Pietri,$1.48,Mediterranean Barley,9942033793,01GSTEKZWQP30RN34ABVHA4B9D,55
01GSTEKZWS0MSM4WVWVNRN4V3P,Goddart Conklin,$1.19,Inyo Buckwheat,8848928552,01GSTEKZWWGZSGTTVCZMSA7FE6,90
01GSTEKZWXF4QKF6A8QBV6RYX9,Brittne Cagan,$1.68,Thickstem Aster,0779203348,01GSTEKZX1RDFTW74H39RQWJE4,43
01GSTEKZX23TBXKSNBN37FM2RS,Sven Willcot,$5.22,Knobcone Pine,6315324398,01GSTEKZX5AYWRQ0DJAZEW7525,57
01GSTEKZX7VTTXYK56N7E7Y15G,Jacinda Willett,$4.21,Octopus Fern,6699911864,01GSTEKZXAE5W9TB2VMMX46W5P,54
01GSTEKZXBV2NZCJ3N3D293G9H,Jaine Fielder,$1.31,Gray's Cyrtandra,2303161150,01GSTEKZXEV752G2EKWXFF226C,90
01GSTEKZXF5CKK68YDNH5VGN20,Bette Kirwood,$0.46,Gland Indian Paintbrush,2493787749,01GSTEKZXJ5DQVEJ8V8WWNQQ71,64
01GSTEKZXM7Y8N5JR9KG9PSAHC,Ezra Leveritt,$1.41,Exasperated Melanelia Lichen,3442136598,01GSTEKZXQ86QRTSCD9G57V621,63
01GSTEKZXR9GMXX9K3GK8PRQV1,Christian Phillins,$9.28,Rough Eyelashweed,4089442486,01GSTEKZXVKKJX8SXYHTMJ87BA,76
01GSTEKZXX7TW36Z2X8SFGEX6Y,Sofia Madgewick,$7.58,Cottongrass,5756799524,01GSTEKZY0H4QNXMHFH0MGNRFW,100
01GSTEKZY1HHF5RYVTG573Y813,Kendricks Jerrems,$8.03,Glacier Brachythecium Moss,0537373497,01GSTEKZY4XCKD3Q4V182D0DVX,24
01GSTEKZY6KY6WCAECS8SSN3VB,Cherin Ailmer,$5.17,Ellisia,5786879003,01GSTEKZY95B8WP5Y6RVHXMWQX,44
01GSTEKZYAAJ02GB63VPK8Z4MR,Constancy Agnew,$9.26,Anopteris,8221986887,01GSTEKZYD53PWA3BBA0VP7NDP,96
01GSTEKZYEC3JSZXKWCZ5ZESSZ,Gilburt Jorat,$9.99,Rockface Yellow Loosestrife,0575609842,01GSTEKZYHYYWJ4RYFNK54STAT,23
01GSTEKZYKJ77ZS5S9RC7YJQRV,Leanora Bull,$4.12,Garcinia,2049211589,01GSTEKZYPNA7N8SS63H5VKJZ5,8
01GSTEKZYQVP4EKVMEC76HQ2R1,Kimmy McClune,$3.98,Manyfruit Primrose-willow,4782150938,01GSTEKZYTAWSP9ZFX1W5FT1Q3,16
01GSTEKZYVNGWTR2TMJM8NDSVK,Ellary Chafer,$2.76,Rinodina Lichen,7504353566,01GSTEKZYY7XSZZC5Y0BB6Q64S,8
01GSTEKZYZVB1MVMXMGTV9BKMC,Lurline Hayller,$4.11,Diplotomma Lichen,8312705031,01GSTEKZZ292YKMKRZK56ZQC1V,94
