store_id,name,product,address,email,phone
01GSTGEDXXPXS8X3F0W4D0GHSP,Myworks,Tahini Paste,Room 1993,wdemarco0@mit.edu,324-232-3512
01GSTGEDXZM1GR9EZAWPMVHWG0,Realblab,"Wine - Red, Cooking",Suite 44,sclaffey1@mlb.com,856-186-1559
01GSTGEDY14G51MQDA27766X0F,Youbridge,Alize Sunset,Room 1836,greddihough2@state.tx.us,526-993-4368
01GSTGEDY3HDSDDNVCXT1CPKD0,Twinder,Mcguinness - Blue Curacao,1st Floor,rorritt3@paypal.com,736-433-8231
01GSTGEDY4F6HDV5CPEMA5ZRN6,Riffpath,Cheese Cheddar Processed,Suite 6,fkirimaa4@usnews.com,801-539-5773
01GSTGEDY6WV4SNZ1RM48F77VP,Cogibox,"Lid - High Heat, Super Clear",Suite 33,imaggillandreis5@photobucket.com,966-340-0127
01GSTGEDY7D0SK8TFMZ29KMN56,Thoughtstorm,Potatoes - Peeled,PO Box 5684,tweavill6@fc2.com,287-308-2370
01GSTGEDY86YY251D3FW0Y7M86,Jabbersphere,"Pork - Bacon, Double Smoked",PO Box 32651,hdaysh7@google.co.uk,593-674-7051
01GSTGEDY95B14BHQWDYWZ7D8K,Blogtags,Wine - Sicilia Igt Nero Avola,3rd Floor,cditts8@blogs.com,763-875-5551
01GSTGEDYA89AYGP8M48SKYHEN,Plajo,Bar Bran Honey Nut,1st Floor,ffather9@ovh.net,857-580-7395
01GSTGEDYCJV6J0NFZYP7RG3M7,Skinder,Cocktail Napkin Blue,Room 770,oaxforda@sina.com.cn,543-283-6489
01GSTGEDYDETWR1EGNTS5A07H5,Roombo,Trueblue - Blueberry Cranberry,Suite 59,abignalb@economist.com,782-670-1145
01GSTGEDYEGR88GBJWHN9H5W9A,Yakitri,Long Island Ice Tea,2nd Floor,fbodmanc@goo.gl,438-482-3171
01GSTGEDYFH1HGCVZEJEWVT03K,Eazzy,Fudge - Cream Fudge,18th Floor,byakunikovd@behance.net,433-449-7178
01GSTGEDYGWFKG3854VKCYYPET,Blogpad,Mousse - Passion Fruit,14th Floor,jantaoe@nationalgeographic.com,283-917-9938
01GSTGEDYJS09SG8848P3HQ5FB,Twinte,"Sole - Dover, Whole, Fresh",Apt 305,fianninif@craigslist.org,551-221-9075
01GSTGEDYKXB4YT7KZ1S3ZS1BD,Innojam,"Wine - Red, Marechal Foch",Apt 202,vgresswellg@fc2.com,203-954-0192
01GSTGEE2YV9B0NQA1PQEHBDAX,Fivebridge,"Liqueur Banana, Ramazzotti",Apt 132,bbutterwickh@who.int,126-669-2258
01GSTGEE3NP481FCQDR5D7SZJ2,Tanoodle,Puree - Mango,Apt 798,mmoberleyi@nps.gov,968-361-0746
01GSTGEE422CXP72113QDAZV5C,Podcat,Sauce - Ranch Dressing,Room 1027,cwilmorej@macromedia.com,595-172-2035
01GSTGEE45V2C77YQKB1PN4XRG,Kanoodle,"Carrots - Purple, Organic",PO Box 66755,lplutherok@accuweather.com,818-950-0656
01GSTGEE493W20Z1E9TY9MPJ1C,Digitube,Yucca,PO Box 73753,jdengel@mediafire.com,715-783-1643
01GSTGEE4DJH2SA6CXW84XC4CX,Kwimbee,Spice - Peppercorn Melange,Suite 9,tpraym@imgur.com,292-591-7471
01GSTGEE4G8WW814D9YHF1MVMG,Thoughtbridge,Turnip - Mini,Suite 65,bfitzsimonsn@hibu.com,131-434-9684
01GSTGEE4KVFYES3Q936NPXV34,Flashdog,Easy Off Oven Cleaner,PO Box 82212,lpietascho@jigsy.com,167-658-9211
01GSTGEE4P4QGJR5YJFAA1X7VF,Topdrive,Island Oasis - Wildberry,Apt 588,cpipesp@state.tx.us,958-926-5285
01GSTGEE4S6HR7S4E3X8609V61,Yombu,Oven Mitt - 13 Inch,Room 795,dmarkelq@goo.ne.jp,102-332-6197
01GSTGEE4WY4YH2FRB21X9DZD4,Quatz,Beer - Upper Canada Lager,Apt 250,djersonr@yellowpages.com,524-733-6324
01GSTGEE4ZEYWFXZ9X20FXFGNG,Buzzster,Cup - Paper 10oz 92959,PO Box 33379,kcharks@weather.com,976-988-8824
01GSTGEE52XXV47CJ2CHQSAXF0,Thoughtworks,"Beans - Black Bean, Canned",PO Box 27077,creynoldst@linkedin.com,507-154-7783
01GSTGEE54K60G7B9355JWJBC6,Jaxworks,Chicken - Whole,Room 665,hmcgurganu@whitehouse.gov,903-313-6258
01GSTGEE57AW2V8HZK439X11P1,Eabox,Wine - Clavet Saint Emilion,PO Box 92654,ccleveleyv@prweb.com,786-690-6871
01GSTGEE59D8G11149ZY9ZA3TK,Mycat,Beef - Sushi Flat Iron Steak,PO Box 52933,polesenw@wordpress.org,137-157-3994
01GSTGEE5CPEX6301PQC7QFF9D,Mynte,The Pop Shoppe - Black Cherry,PO Box 90357,btilbeyx@google.ru,818-806-7071
01GSTGEE5F5HW5JFNB2Q1HCNEG,Brainsphere,Bread Fig And Almond,Suite 71,lmartheny@wikia.com,319-928-9661
01GSTGEE5JBS3MMXDAE4TZ6MDZ,Shufflester,Coffee Cup 12oz 5342cd,Apt 132,dpielz@prlog.org,610-554-6433
01GSTGEE5NB0K83QGP32N2R5CF,Plambee,Goat - Leg,6th Floor,shawking10@wordpress.com,244-542-7419
01GSTGEE5S0Y9HTHHRQRK3NR4Q,Rhyzio,Muffin - Mix - Strawberry Rhubarb,11th Floor,oorpen11@ebay.co.uk,730-566-0043
01GSTGEE5WSQG4EMVM30VC2R4X,Dabshots,Salt And Pepper Mix - White,Room 1245,ftrafford12@wufoo.com,293-939-9059
01GSTGEE5ZG6CNB7RS947R5N7P,Tagtune,Chef Hat 20cm,Room 1790,rheaney13@nhs.uk,763-346-5692
01GSTGEE61WM9HMETNKF93TP9D,Twitterlist,Juice - Apple 284ml,Apt 1079,gmctague14@adobe.com,711-746-8382
01GSTGEE64H85XVE707HQ6697J,Riffpedia,Clam Nectar,PO Box 80608,jtrobe15@jiathis.com,926-139-2783
01GSTGEE66DE5WJS8X3BH3JYW5,Brightdog,Chicken - White Meat With Tender,Apt 520,iforrington16@livejournal.com,196-550-5386
01GSTGEE69SN6N0QEMJR3X6RRA,Devshare,Cumin - Ground,Room 1854,fabramovitch17@nps.gov,613-166-6769
01GSTGEE6CDZXGRD7YKDCC2Q2Z,Zoozzy,"Nut - Cashews, Whole, Raw",Suite 63,cborleace18@slate.com,899-440-8698
01GSTGEE6FE8793D0T765JVKW7,Chatterpoint,Containter - 3oz Microwave Rect.,PO Box 96174,csyers19@lulu.com,892-128-2190
01GSTGEE6J25T18FDWTCVT6123,Photolist,"Mushroom - Shitake, Dry",Room 1833,ocourcey1a@skyrock.com,176-120-8036
01GSTGEE6NF92H4W40PZKGWET3,Devshare,Milkettes - 2%,PO Box 69708,cdemaria1b@angelfire.com,151-827-3274
01GSTGEE6TAX042ZTSDD6K7WE8,Teklist,Sunflower Seed Raw,Room 1816,mmackenney1c@technorati.com,879-303-3411
01GSTGEE6XK8KARFEQKX732BTP,Babbleblab,Huck White Towels,Apt 272,jstrutz1d@baidu.com,373-475-4407
01GSTGEE700949K7M402WGT1F9,Devshare,Celery Root,PO Box 20992,cabelovitz1e@marriott.com,580-133-6514
01GSTGEE74Y77AJYPS6S53J7MK,Oodoo,Versatainer Nc - 9388,Room 423,lstubbe1f@g.co,691-352-3873
01GSTGEE776SJH588VVKD265T2,Buzzster,Pork - Ground,PO Box 71852,lnobles1g@hhs.gov,201-494-5127
01GSTGEE7AXFSENC7PDRFZCJTE,Yabox,"Brocolinni - Gaylan, Chinese",Room 560,nevett1h@pcworld.com,266-830-2663
01GSTGEE7CKBZVCXKN4MZFC8H9,Flashdog,"Wine - White, Pinot Grigio",Apt 1078,rsanger1i@pagesperso-orange.fr,438-359-9457
01GSTGEE7G3J6451VCY0D2YGM8,Zoomcast,Juice - Orangina,Suite 83,mtwydell1j@google.fr,170-217-7041
01GSTGEE7KEP3N070AN991J7NX,Voolith,Soup Campbells - Italian Wedding,Room 1738,jwoodyear1k@sakura.ne.jp,307-134-5975
01GSTGEE7PF683ZQ9Z1GFNE5CD,Rhycero,Ice Cream Bar - Rolo Cone,Suite 75,aiannuzzelli1l@un.org,665-446-3572
01GSTGEE7SGQFQR1SDJ08DSSGE,Vitz,"Radish - Black, Winter, Organic",PO Box 36588,bbeden1m@mashable.com,151-229-6704
01GSTGEE7V5D7MA0AAA596319B,Quamba,Longos - Cheese Tortellini,PO Box 8889,lzoellner1n@ed.gov,822-964-6355
01GSTGEE7WCAVX123ME20ED4HH,Lazz,Cookie Double Choco,Room 1423,wchaster1o@multiply.com,959-114-5851
01GSTGEE7YEPVVZT1ABHG0W67P,Tagchat,Goldschalger,PO Box 96969,gdemarchi1p@goo.gl,616-848-6522
01GSTGEE7ZGAMTTBBB3H3S3Z0Z,Topicshots,Aspic - Clear,Room 534,nvallender1q@dailymotion.com,909-134-3132
01GSTGEE82BB30TSMJAF4XF8B7,Skyndu,Soup - Cream Of Potato / Leek,4th Floor,lgarvagh1r@google.it,685-135-9220
01GSTGEE84T79ANDNT7ZYXBZS7,Zoomlounge,"Lamb - Whole Head Off,nz",PO Box 7423,dblench1s@bloomberg.com,941-391-2444
01GSTGEE876TSHXZYMHG7HB8NX,Katz,Table Cloth 72x144 White,Suite 88,cseagrave1t@washington.edu,595-367-6553
01GSTGEE8ARQSXPVE33FTP4KH4,Zooxo,Pastry - Choclate Baked,Room 842,apotapczuk1u@cloudflare.com,393-938-2422
01GSTGEE8DNSVTMXH48Q0V1MZT,Wordtune,Pastry - Raisin Muffin - Mini,Apt 1766,alippo1v@addthis.com,144-881-4799
01GSTGEE8FJCQYXSXBHCCMY6P4,Meezzy,Mushroom - King Eryingii,Apt 480,felcy1w@tinypic.com,279-513-5045
01GSTGEE8J2P6DZ3CKFHEBF8ZZ,Quinu,Pepper - Orange,Suite 84,bkewish1x@usgs.gov,990-269-1526
01GSTGEE8ND6FQS6WFGSS27ZC5,Kaymbo,Wine - Fat Bastard Merlot,1st Floor,gkupis1y@bizjournals.com,682-472-6295
01GSTGEE8RC8PZZZNM1YXT8WXQ,Eire,Bread - Frozen Basket Variety,Room 306,cshimmans1z@bluehost.com,689-301-9671
01GSTGEE8TXEAC30XZ5H1HHD35,Trunyx,Rice - 7 Grain Blend,PO Box 48300,gtrehearne20@spotify.com,161-888-4211
01GSTGEE8W24M9KNN3ABZR2E8R,Twinder,Dragon Fruit,Suite 53,hjankovsky21@naver.com,686-574-7667
01GSTGEE8ZTW9WM9CKDK5P7G7H,Dynabox,Pork - Smoked Kassler,Suite 69,astepney22@vimeo.com,586-675-0303
01GSTGEE92CPRHF0WK2AEFHGDR,Trilia,Lemon Pepper,Room 186,estarrs23@apple.com,705-371-2755
01GSTGEE942K496T9TYNV9A75T,Wordpedia,Cabbage - Nappa,Apt 483,frengger24@wunderground.com,448-286-0377
01GSTGEE96VZ9RQ31STYYDC752,Shufflebeat,Soup - Tomato Mush. Florentine,Room 945,ibartosinski25@opensource.org,705-748-2729
01GSTGEE9877NB90XQSPD5KZP4,Skinix,"Pasta - Bauletti, Chicken White",Apt 768,gdeantoni26@jimdo.com,972-203-6506
01GSTGEE9B020RAJSQ9F9J7732,Blognation,Wine - Chianti Classica Docg,8th Floor,cfeasey27@whitehouse.gov,742-260-1079
01GSTGEE9EK7SC6MA2JNANAWDZ,Livepath,Lychee,6th Floor,tgoosnell28@paginegialle.it,353-449-1527
01GSTGEE9HTSKT9P41W4NK0T5E,Blogpad,Wine - Baron De Rothschild,Apt 1260,hcasino29@tripod.com,643-251-3998
01GSTGEE9KZD200M532S3VNHBX,Zoombox,"Spoon - Soup, Plastic",13th Floor,lgoter2a@furl.net,378-199-6927
01GSTGEE9NRFAGN3E92Q09YVGB,Meejo,Eel Fresh,5th Floor,mdigman2b@parallels.com,994-479-5101
01GSTGEE9Q107EAJ10H53GRQNK,Gevee,Chicken - Bones,Suite 4,rcrecy2c@unblog.fr,684-659-0263
01GSTGEE9SAE91V997R8HE8M8C,Skyble,Rambutan,Apt 1086,kmanford2d@wiley.com,860-455-5338
01GSTGEE9VGA0MS5P4PD29THXH,Linkbuzz,"Juice - Grape, White",Suite 96,tdrinnan2e@ifeng.com,351-597-2040
01GSTGEE9XJY26TRXW050F5A2P,Bubblebox,"Tart Shells - Sweet, 2",Room 1689,frowbury2f@blogtalkradio.com,621-584-0758
01GSTGEEA0MGHH3NQWAN1FJBAM,Zazio,Jerusalem Artichoke,Apt 1412,psowter2g@slate.com,408-428-4237
01GSTGEEA3TR4GH113RTFQY207,Oba,Onions - Pearl,PO Box 7549,handrzej2h@people.com.cn,276-179-0429
01GSTGEEA5VPDJSKNSD9ME4DTA,Ailane,Cheese Cheddar Processed,3rd Floor,dwest2i@bbb.org,682-938-5969
01GSTGEEA8AA21YTTXP82JTXV8,Thoughtstorm,"Nut - Cashews, Whole, Raw",Apt 1371,hwindebank2j@netlog.com,633-596-2896
01GSTGEEAB9RWV9HS6TMX9WGR8,Fiveclub,"Artichoke - Hearts, Canned",Apt 1192,mdaventry2k@de.vu,814-594-8504
01GSTGEEAEQTMH2MRPAFSHZPK7,Skibox,Clam - Cherrystone,Room 1683,cshewen2l@ibm.com,251-986-7480
01GSTGEEAHRKE6P4PF7BHZHVEP,Gigaclub,Cleaner - Comet,12th Floor,hbrockbank2m@bandcamp.com,850-628-5568
01GSTGEEAKC0S99EDDCGD7KTR0,Wordtune,Pastry - Trippleberry Muffin - Mini,PO Box 95596,pbenzie2n@fema.gov,497-157-3547
01GSTGEEAP9Q0DW48S9SH0G3PW,Shuffletag,Cake - Cake Sheet Macaroon,Suite 83,adennert2o@virginia.edu,474-848-3649
01GSTGEEASNY4CQB6S1WY2M7SW,Yacero,Kellogs Cereal In A Cup,Room 1392,estutte2p@mozilla.org,936-238-3720
01GSTGEEAWB5SDW20WXE8N11KA,Jayo,Potatoes - Parissienne,Apt 1477,mdring2q@naver.com,639-943-6084
01GSTGEEAXQ8TSTM8JX9XSCXWS,Browsedrive,Cafe Royale,Apt 976,pscarff2r@examiner.com,119-982-3315
01GSTGEEAZ5BVK2GC9GYKPKBPN,Centimia,"Doilies - 10, Paper",Suite 45,phearne2s@who.int,132-130-1276
01GSTGEEB0Q9P5TBCZJ34RJCWT,Cogidoo,Olives - Kalamata,Apt 930,hdermot2t@home.pl,333-247-2994
01GSTGEEB2B37JSSXP4WZ1X050,Skyndu,Creme De Banane - Marie,Apt 360,tmcgready2u@newsvine.com,473-919-3010
01GSTGEEB3ECG3SYZDGYKT9DCR,DabZ,Pastry - Mini French Pastries,Room 1621,tkee2v@yahoo.co.jp,364-439-4955
01GSTGEEB47ZNH3RZJPTEPRDQA,Rhyzio,Mushroom - Portebello,PO Box 89145,cfautly2w@loc.gov,122-732-6720
01GSTGEEB6WNY5YQS2FQ5M28A4,Trunyx,Tea Leaves - Oolong,Apt 625,mlucchi2x@china.com.cn,348-394-9531
01GSTGEEB86R4GRA3H8C61K820,Oozz,Clams - Canned,Room 1947,tswannell2y@hhs.gov,750-319-4796
01GSTGEEB9ZP4PQA9P8J7CH3AH,Oloo,Sorrel - Fresh,Room 297,ehuggard2z@wix.com,617-439-8640
01GSTGEEBAH9ZF20WDHZP3BXQ0,Cogidoo,Chip - Potato Dill Pickle,PO Box 62033,ghearmon30@shop-pro.jp,712-869-9035
01GSTGEEC5HE1G4ZD1P333HTZX,Topiclounge,"Oil - Truffle, White",Apt 349,hszubert31@1688.com,217-668-9437
01GSTGEEC74XPWQV9BBW1VQRN3,Lazz,Mortadella,PO Box 99957,sblannin32@thetimes.co.uk,372-518-9299
01GSTGEEC9Q4GM2WDZW1TCJ1MP,Pixoboo,"Salsify, Organic",Apt 629,dbondley33@1und1.de,127-649-4333
01GSTGEECBY2FMVKM0NXTFKYPK,Thoughtbridge,"Juice - Clam, 46 Oz",Suite 68,ibrehat34@posterous.com,497-179-0191
01GSTGEECEPGX7HEXX32E4BGA7,Photobean,Dc - Frozen Momji,PO Box 67439,rjacqueminot35@nps.gov,239-734-4900
01GSTGEECHXG6RFEGE6Y82B6XJ,Feedbug,Puree - Guava,Suite 47,dbuston36@reverbnation.com,182-244-0640
01GSTGEECKY52N9EE7EEJ0212M,Jaloo,"Beef - Rib Roast, Capless",PO Box 95591,sgiannotti37@cpanel.net,106-911-6591
01GSTGEECNYG2TEQA8TMRST49E,Voolia,Pork - Suckling Pig,Suite 20,jmottini38@usgs.gov,929-706-9332
01GSTGEECQ2R7G6WWBYHNN3RG9,Thoughtworks,Island Oasis - Sweet And Sour Mix,Suite 95,nebhardt39@ucoz.com,621-970-5058
01GSTGEECTSEQ6XM3879G4DPF5,Wordpedia,Wine - Jackson Triggs Okonagan,Room 794,gbewfield3a@trellian.com,399-747-6623
01GSTGEECWWVGHDG3QQS5G5M2G,Vinder,Beans - Green,3rd Floor,gmaccrae3b@wired.com,230-513-5275
01GSTGEECYG5FKZPMJ0VP9V2D1,Jazzy,Temperature Recording Station,Apt 70,epeachment3c@scientificamerican.com,523-340-3382
01GSTGEECZQCSXXFN2M09THAP2,Gigashots,Appetizer - Escargot Puff,2nd Floor,dabsolon3d@skype.com,161-132-9911
01GSTGEED081DDGP1YRVW50E18,Livepath,Sugar - Monocystal / Rock,Apt 1731,dgarlick3e@acquirethisname.com,243-850-8784
01GSTGEED23X69FJNA4JC016N8,Skimia,Cleaner - Comet,PO Box 26547,sjurzyk3f@thetimes.co.uk,564-603-1557
01GSTGEED39SNJV0HE4N79YDCP,Realblab,Beer - Sleeman Fine Porter,Apt 982,coshevlin3g@shinystat.com,588-316-9451
01GSTGEED4NG9SEGPMWT1DZY2P,Zooveo,Bread - Malt,PO Box 23634,fbertot3h@disqus.com,337-972-8024
01GSTGEED6XC9WVNQD9BK5EFRE,Wikizz,Numi - Assorted Teas,11th Floor,kranscome3i@is.gd,729-530-5395
01GSTGEED7H3W3C3YQW32T4NB9,Tagchat,"Juice - V8, Tomato",12th Floor,callingham3j@blogspot.com,106-751-2567
01GSTGEED9GKZHG5GB86XS6T5Z,Demimbu,Rabbit - Legs,7th Floor,mravens3k@163.com,862-672-7974
01GSTGEEDAXV9QQS9CCH0R8HHP,Jayo,Liners - Baking Cups,Room 1243,tmellody3l@bizjournals.com,825-557-6702
01GSTGEEDB4CG3DG53SGJVVMT0,Izio,Bread Fig And Almond,Room 375,bstruttman3m@narod.ru,238-214-7532
01GSTGEEDCBXPQVH8YHKZGF8C3,Babbleblab,Eggplant - Baby,Suite 54,emackie3n@statcounter.com,950-376-0751
01GSTGEEDEH7KGR24FJGXGNQ4D,Zoonder,"Lettuce - Mini Greens, Whole",Room 1538,bgrayston3o@123-reg.co.uk,735-330-9399
01GSTGEEDGB92PWM9DFWT107G4,Edgetag,Tea - Herbal I Love Lemon,Apt 1664,cpabelik3p@g.co,233-153-5744
01GSTGEEDJWYBTX19VYSMPJAT3,Kazu,Browning Caramel Glace,Room 478,gdawber3q@si.edu,165-680-2767
01GSTGEEDKZSS4AD7650CR73CG,Yakijo,Pastry - Choclate Baked,13th Floor,aroggerone3r@imdb.com,918-482-2305
01GSTGEEDMA2ZC7BJC41MQSF04,Chatterbridge,Wine - Jackson Triggs Okonagan,PO Box 80905,sjarley3s@livejournal.com,164-161-2289
01GSTGEEDNH77QS3QX21A15W2F,Ozu,Rambutan,Room 1331,etales3t@netlog.com,806-486-9426
01GSTGEEDR52865H193D0TJETP,Fiveclub,Venison - Ground,PO Box 73746,hcornejo3u@fc2.com,859-340-3763
01GSTGEEDVPZ8BET63YQASE0WB,Fivespan,Oil - Grapeseed Oil,Apt 77,zbaulcombe3v@tiny.cc,353-786-2329
01GSTGEEDY5F1G3VG1Y44SPCVY,Roodel,Peach - Halves,PO Box 63722,abreeze3w@google.com.hk,326-530-4497
01GSTGEEE1PDZGR54Y661J8PY6,Riffpedia,Lettuce - Spring Mix,Suite 93,mmactrustam3x@tinyurl.com,664-827-5833
01GSTGEEE448MEW5711SX2SH1N,Buzzbean,Cheese Cloth No 60,Room 2000,glilie3y@123-reg.co.uk,781-951-1150
01GSTGEEE7B2Q3BFBBE22518RT,Bluezoom,Pork - Liver,Suite 42,hdewinton3z@wunderground.com,770-217-4629
01GSTGEEE9NRQV3Q08EF1MJE33,Yacero,"Pepsi - Diet, 355 Ml",Apt 1580,dbaison40@histats.com,104-795-0379
01GSTGEEECTG4QGSVXE2SJGA07,Shuffledrive,Oil - Peanut,12th Floor,ccarlett41@mit.edu,876-766-2836
01GSTGEEEFR3AJ17JWA6ANR7D0,Edgeblab,Fib N9 - Prague Powder,1st Floor,dspratling42@photobucket.com,789-892-2597
01GSTGEEEHZW0NTE8685W36GE6,Livetube,Eggwhite Frozen,16th Floor,keuler43@delicious.com,284-325-5744
01GSTGEEEMQ0E3TS0PFJ6VTTG6,Eare,Cheese - Brie,Room 598,jreveland44@hhs.gov,132-836-9007
01GSTGEEEQ1585F7D28ND3C7J6,Bluezoom,Water - Evian 355 Ml,PO Box 54928,cmiddle45@tiny.cc,958-617-3061
01GSTGEEESRSAT9RE9ZV5KQJY6,Skynoodle,"Quail - Whole, Boneless",Suite 29,egherardi46@tmall.com,370-780-1372
01GSTGEEET9TW4J9SHVZTPVVCF,Skilith,Beef - Kobe Striploin,Apt 1040,cickowics47@typepad.com,364-774-5968
01GSTGEEEW85HQQXXHRD47YNN6,Eare,Lotus Leaves,14th Floor,hsouthey48@theguardian.com,846-102-1069
01GSTGEEEYQXAZ9T4E7QXK3629,Photobug,Brandy Apricot,Suite 46,hskoyles49@yale.edu,592-164-8263
01GSTGEEF1WZZ5CRA4DZTN42WW,Zoomcast,Beer - Sleemans Honey Brown,PO Box 99891,frathjen4a@wunderground.com,942-468-1172
01GSTGEEF3D8NCQR191FGT0M14,Blognation,Extract - Raspberry,Suite 14,mpudan4b@acquirethisname.com,968-658-4259
01GSTGEEF6JJGFKFZXMJ7W0A6M,Tambee,Onion Powder,PO Box 20094,ctroutbeck4c@chron.com,218-669-3383
01GSTGEEF86WY36D0R9SM1APZ2,Yakidoo,Grapes - Red,Apt 1049,elaurant4d@webeden.co.uk,160-704-6581
01GSTGEEFAXFRMKP0NCF61RJAY,Fatz,Tandoori Curry Paste,Apt 1833,msammonds4e@umich.edu,503-824-0482
01GSTGEEFBBCN1NJYY2D2F9807,Photojam,Ginger - Fresh,2nd Floor,stangye4f@shinystat.com,148-430-5834
01GSTGEEFDHWVWRDEQFEV639Y6,Minyx,Table Cloth 54x72 Colour,Room 1393,lbaert4g@businessweek.com,107-591-8954
01GSTGEEFEFPAFYG4RX2F7A67M,Ntags,Anchovy Fillets,Suite 84,ndenrico4h@microsoft.com,942-507-3168
01GSTGEEFFD8F546TW8RQY4W3M,Quire,Container - Foam Dixie 12 Oz,PO Box 48285,nplesing4i@phoca.cz,186-186-3192
01GSTGEEFHKRXR1PWZYF6TYE6E,Fiveclub,"Bread - Sticks, Thin, Plain",Room 1638,rbramsom4j@ask.com,262-922-5915
01GSTGEEFMZRVYS54EJ3JF7G20,Roomm,Lettuce - Frisee,Apt 1554,ddefty4k@arstechnica.com,716-118-6460
01GSTGEEFPQP5X2Y8H89TZKHHV,Cogidoo,Huck Towels White,Suite 1,cmacgahey4l@harvard.edu,384-515-0714
01GSTGEEFRW6S3BG7VTKQW6CSX,Linklinks,"Cheese - Woolwich Goat, Log",Suite 11,fdurrance4m@ask.com,426-714-1403
01GSTGEEFTC7WPM49PXXEX2AY3,Meezzy,Butter - Pod,Room 536,eantham4n@twitter.com,436-754-6071
01GSTGEEFW7J3RNKKDHD2AHDKH,Oloo,Numi - Assorted Teas,PO Box 12385,mcarwardine4o@adobe.com,832-723-4649
01GSTGEEFXX9FFRK10PA0SDBA0,Dynazzy,Scallops - 20/30,Apt 1088,hstansbury4p@tmall.com,382-949-4997
01GSTGEEFYSZ4C0CJ4EKM2PXGA,Oba,Banana,Room 607,sgentile4q@sogou.com,134-728-4646
01GSTGEEG06RED0QMR2KACMR4D,Yabox,Nut - Macadamia,Apt 1958,svardie4r@istockphoto.com,240-383-3589
01GSTGEEG2TGN5ZXT1XY0DK355,Kazio,Wine - Riesling Dr. Pauly,Apt 1426,dbearne4s@digg.com,112-456-2771
01GSTGEEG3YCMAK3JBHN5W34GD,Feedmix,Sea Bass - Whole,Room 775,kslessor4t@tumblr.com,811-550-3057
01GSTGEEG5615VZV25PTHR3HYJ,Topiczoom,Wine - Chardonnay South,Room 467,lsprulls4u@accuweather.com,451-306-6163
01GSTGEEG7HRTNHWKT9M208710,Zoonoodle,Oil - Pumpkinseed,Apt 385,menglefield4v@pen.io,419-852-3147
01GSTGEEG9T66Q2TFJ8DG7V783,Cogilith,"Nut - Pecan, Pieces",Apt 21,mbaggalley4w@technorati.com,810-295-3160
01GSTGEEGB57TF6CYD6QAGV3BQ,Aimbo,"Pasta - Penne, Rigate, Dry",PO Box 43682,cmuggleston4x@cam.ac.uk,932-455-5894
01GSTGEEGDXZKKSCFYRQZYFSGX,Chatterbridge,"Wine - Red, Concha Y Toro",Room 1647,mwinders4y@devhub.com,445-570-7297
01GSTGEEGEBKSTSSVBFY295JYV,Wordify,Ice Cream Bar - Hagen Daz,Suite 32,hbenns4z@dmoz.org,532-881-1671
01GSTGEEGFA13P7RY4BQ7CZ7EZ,Brainlounge,Wine - Charddonnay Errazuriz,4th Floor,cstoddart50@icq.com,940-327-3137
01GSTGEEGG90KK8YY7R440RJ9Z,Camido,Water - Aquafina Vitamin,12th Floor,gdunsmore51@smugmug.com,162-656-5773
01GSTGEEGHKQ1CNTMRQG10DBBN,Photobug,"Butter - Salted, Micro",PO Box 57586,cpetrolli52@youku.com,846-985-6287
01GSTGEEGJRSGZVM2AQ6KERMYY,Eare,"Gin - Gilbeys London, Dry",19th Floor,jgabbitas53@a8.net,469-486-2019
01GSTGEEGKSAVNK2XDEDQRYAKY,Trilith,"Mushroom - Oyster, Fresh",Suite 28,ecockman54@gravatar.com,997-603-1001
01GSTGEEGMRF73YPVWF9H9J0KP,Oyoyo,Liqueur - Melon,Apt 1155,cdhenin55@chronoengine.com,886-962-8411
01GSTGEEGN15XZ5YVPE0C45GAF,Quatz,Garlic - Peeled,9th Floor,bvillar56@who.int,945-389-9603
01GSTGEEGRJ02FNVNYKHZXK350,Jaxnation,"Beef - Rib Roast, Capless",Apt 856,ezieme57@vkontakte.ru,409-779-1802
01GSTGEEGTXR7X5PZ5XW0KDPDV,Riffwire,Green Tea Refresher,Room 537,lstratley58@ebay.com,967-356-7323
01GSTGEEGX0XECCA4YSJ25E9JB,Yoveo,Wine - White Cab Sauv.on,Suite 97,tswatridge59@w3.org,816-658-4692
01GSTGEEH0N3VWZ331EKRJAMV1,Wikizz,Veal - Slab Bacon,PO Box 45804,bmilner5a@wikia.com,325-408-7179
01GSTGEEH2RH2HYZS28JS5WS24,Dabtype,Island Oasis - Peach Daiquiri,Suite 62,zstaniforth5b@jigsy.com,311-976-1900
01GSTGEEH589A8HZBFRBCPWQM0,Trudeo,Calvados - Boulard,PO Box 92825,ihastler5c@berkeley.edu,788-452-6703
01GSTGEEH73S2VQ2Z2NE66PGM1,Ozu,Fennel - Seeds,2nd Floor,cdielhenn5d@squarespace.com,577-314-8048
01GSTGEEHA8K0S79J0N887VCTC,Vimbo,"Tart Shells - Sweet, 4",Suite 35,rcorstan5e@taobao.com,495-778-9896
01GSTGEEHC0ZDZKZVAD9KSFCB1,Kanoodle,"Flour - Bran, Red",Apt 564,tabramovici5f@drupal.org,430-936-4841
01GSTGEEHFWB66J3F13JTQTTAQ,Trudoo,Daikon Radish,Suite 12,kbattson5g@wikimedia.org,688-211-6828
01GSTGEEHH5WDBKA4A51MW58QZ,Flipbug,Chutney Sauce - Mango,PO Box 9903,ebaalham5h@shutterfly.com,375-195-9517
01GSTGEEHMC887FKKKXCV9NY35,Zoonoodle,Amaretto,1st Floor,rfellnee5i@cnbc.com,636-844-2391
01GSTGEEHPYVFT8DBH1AY22ZXA,Gigabox,Wine - Beaujolais Villages,Apt 1997,floveitt5j@dailymotion.com,604-400-1676
